account_id,money_launderer,player_label,count_phone_changes,sum_spending,mean_spending,median_spending,std_spending,max_spending,min_spending,count_spending,sum,mean,median,std,max,min,count_in,count_out,count_unique_in,count_unique_out,count_days_in_bank
NORM_A_0000,False,Normal_A,0,2059.8682072683655,32.69632075029151,35.0,11.712867448260516,66.14092415038293,10.0,63.0,3129.8682072683655,47.4222455646722,35.5,71.69621717919252,476.0,10.0,3,63.0,1,2.0,11
NORM_A_0001,False,Normal_A,0,3778.4479746376087,29.751558855414242,28.0,11.526312548715508,50.0,10.0,127.0,5988.447974637608,44.68991025848961,30.90348998222383,66.1653974332601,398.0,10.0,7,127.0,1,1.0,16
NORM_A_0002,False,Normal_A,0,1950.2553229229206,31.455731014885817,25.0,29.899960681429672,245.25532292292073,10.0,62.0,3020.2553229229206,46.46546650650647,25.0,77.58761185686046,474.0,10.0,3,62.0,1,2.0,17
NORM_A_0003,False,Normal_A,0,3742.433306129988,31.1869442177499,32.0,13.074845354124227,90.75683343979568,10.0,120.0,5938.4333061299885,47.13042306452372,33.0,74.13174342164835,462.0,10.0,6,120.0,1,2.0,20
NORM_A_0004,False,Normal_A,0,3352.3625550555107,32.23425533707222,31.0,15.704066473508343,133.69977186949012,10.0,104.0,5180.362555055511,47.094205045959185,32.5,66.79995314601418,474.0,10.0,6,104.0,1,2.0,14
NORM_A_0005,False,Normal_A,0,4022.4148978292037,32.43882982120326,32.0,19.596679329789,196.76028690796184,10.0,124.0,6323.414897829203,48.270342731520635,33.0,71.07470059472901,437.0,10.0,7,124.0,1,2.0,28
NORM_A_0006,False,Normal_A,0,2259.20107005122,27.891371235200246,22.0,21.021531558356447,181.61028953123457,10.0,81.0,3584.20107005122,42.16707141236729,24.0,69.14790362722378,413.0,10.0,4,81.0,1,2.0,20
NORM_A_0007,False,Normal_A,0,3236.4337728617948,32.043898741205886,33.0,12.934206238456687,65.12702810835994,10.0,101.0,4967.433772861795,46.86258276284712,33.5,69.02777556223623,414.0,10.0,5,101.0,1,2.0,26
NORM_A_0008,False,Normal_A,0,2453.280481722787,33.15243894219982,29.0,29.431659163629778,202.42902749387952,10.0,74.0,3779.280481722787,48.45231386824086,29.5,74.94843198968987,477.0,10.0,4,74.0,1,2.0,21
NORM_A_0009,False,Normal_A,0,2784.714809515321,29.31278746858233,24.0,18.319269127474644,163.99597044626162,10.0,95.0,4598.714809515322,45.987148095153216,26.17279472136201,76.167808013972,457.0,10.0,5,95.0,1,2.0,21
NORM_A_0010,False,Normal_A,0,3002.733804950082,31.943976648405126,31.0,17.832134274067243,168.52172264367692,11.0,94.0,4665.733804950082,47.12862429242507,32.0,71.13907399523842,496.0,11.0,5,94.0,1,2.0,25
NORM_A_0011,False,Normal_A,0,3300.006892819503,28.947428884381605,26.0,18.232747587495407,179.177183159297,10.0,114.0,5235.006892819502,43.62505744016252,27.0,68.63330750607295,454.0,10.0,6,114.0,1,2.0,29
NORM_A_0012,False,Normal_A,0,1879.530381598103,34.80611817774265,31.0,38.500449233355354,294.356273386805,10.509450417843926,54.0,2841.5303815981033,49.851410203475496,33.0,78.61478678316449,473.0,10.509450417843926,3,54.0,1,2.0,6
NORM_A_0013,False,Normal_A,0,2865.662268087555,30.813572775134997,31.0,13.5265311918459,99.43290661514166,11.0,93.0,4510.662268087555,46.02716600089342,31.5,68.7778629648526,387.0,11.0,5,93.0,1,2.0,24
NORM_A_0014,False,Normal_A,0,1576.805136277025,30.323175697635097,31.0,10.787487310817111,50.0,12.0,52.0,2536.8051362770248,46.12372975049136,31.155808568853743,69.68443269741826,418.0,12.0,3,52.0,1,1.0,20
NORM_A_0015,False,Normal_A,0,3579.727514514796,30.595961662519624,26.0,26.540750280477344,263.2272278000817,10.0,117.0,5576.727514514796,45.33924808548615,29.0,74.8462521846572,497.0,10.0,6,117.0,1,2.0,29
NORM_A_0016,False,Normal_A,0,2851.4261635984785,32.03849622020763,29.0,28.1996262143469,271.1632839303786,10.0,89.0,4534.4261635984785,47.73080172208925,29.0,71.66810880614295,492.0,10.0,6,89.0,1,2.0,21
NORM_A_0017,False,Normal_A,0,3943.951428900011,28.37375128705044,28.0,12.50590559511002,74.938139527922,10.0,139.0,6053.951428900011,41.46542074589048,28.0,63.71217243484721,477.0,10.0,7,139.0,1,2.0,25
NORM_A_0018,False,Normal_A,0,3413.3383163080434,31.60498441025966,29.0,20.80048456610182,171.4176941870895,11.0,108.0,5646.338316308043,49.967595719540206,30.0,88.84849619449436,487.0,11.0,5,108.0,1,2.0,17
NORM_A_0019,False,Normal_A,0,2665.968890363175,31.73772488527589,28.0,24.619794858663173,157.56996523083816,10.0,84.0,4287.968890363175,48.72691920867244,28.5,82.41912931566729,449.0,10.0,4,84.0,1,2.0,21
NORM_A_0020,False,Normal_A,0,4162.469593643542,31.063205922713,31.0,13.972012302992445,92.29006527210959,10.0,134.0,6661.469593643542,47.24446520314569,32.0,75.8970618531822,487.0,10.0,7,134.0,1,2.0,28
NORM_A_0021,False,Normal_A,0,1837.3606472209085,29.63484914872433,29.0,11.381877528745736,48.0,10.0,62.0,2832.3606472209085,43.57477918801398,30.0,67.31476796661664,437.0,10.0,3,62.0,1,1.0,28
NORM_A_0022,False,Normal_A,0,1361.391183859526,27.783493548153594,28.0,11.765956100805294,50.0,10.0,49.0,2302.391183859526,44.276753535760115,30.0,69.5263819140522,375.0,10.0,3,49.0,1,1.0,4
NORM_A_0023,False,Normal_A,0,4255.2521974542315,32.23675907162296,29.0,22.256588574340274,237.65251729332786,10.0,132.0,6584.2521974542315,47.71197244532052,30.5,76.42077533772867,437.0,10.0,6,132.0,1,2.0,24
NORM_A_0024,False,Normal_A,0,1450.2313892268044,30.21315394222509,30.5,11.910708654894494,49.0,11.0,48.0,2249.2313892268044,44.10257625934911,31.0,58.18587791506855,322.0,11.0,3,48.0,1,2.0,11
NORM_A_0025,False,Normal_A,0,2029.5450769150518,31.22377041407772,33.0,12.512070293794524,50.0,10.0,65.0,3143.545076915052,46.22860407228018,34.0,72.33149956627497,415.0,10.0,3,65.0,1,1.0,8
NORM_A_0026,False,Normal_A,0,3752.5233565955373,33.50467282674587,31.81926068881019,23.821380296495967,246.2585083160445,10.0,112.0,6111.523356595537,51.35733913105493,33.0,79.13870816698231,498.0,10.0,7,112.0,1,2.0,27
NORM_A_0027,False,Normal_A,0,3492.9206643783536,32.04514370989315,32.0,13.633952452711544,100.44469465273981,10.0,109.0,5512.920664378354,47.525178141192704,33.0,65.14466518439913,433.0,10.0,7,109.0,1,2.0,28
NORM_A_0028,False,Normal_A,0,2034.6023766403994,31.301575025236914,29.0,16.384765215526393,117.34920210518716,10.0,65.0,3356.602376640399,49.36179965647646,30.0,86.2386309955847,457.0,10.0,3,65.0,1,2.0,11
NORM_A_0029,False,Normal_A,0,4425.534294434501,33.026375331600754,32.0,24.27090760073307,253.82414348704145,10.0,134.0,6878.534294434501,48.78393116620214,33.0,75.5770018034272,490.0,10.0,7,134.0,1,2.0,18
NORM_A_0030,False,Normal_A,0,2660.948553213008,32.05962112304829,33.0,11.502858495576902,50.0,10.0,83.0,3942.948553213008,45.32124773808055,33.156775067429024,62.33009893301385,356.0,10.0,4,83.0,1,1.0,7
NORM_A_0031,False,Normal_A,0,2366.182358833219,29.57727948541524,29.0,16.177734398443558,122.5953042873779,10.0,80.0,3889.182358833219,46.29978998610975,30.0,78.40424430975632,493.0,10.0,4,80.0,1,2.0,9
NORM_A_0032,False,Normal_A,0,2829.0720071622854,31.787325923171746,31.0,12.866850528050607,66.0893843438782,10.0,89.0,4511.072007162285,47.99012773576899,33.0,71.41237402517773,405.0,10.0,5,89.0,1,2.0,31
NORM_A_0033,False,Normal_A,0,2060.213316180914,31.21535327546839,32.5,12.64637724120565,50.0,10.0,66.0,3339.213316180914,48.39439588667991,34.0,82.28533400168895,455.0,10.0,3,66.0,1,1.0,20
NORM_A_0034,False,Normal_A,0,4837.287622230985,31.410958585915488,29.540777479619766,18.37705754693857,157.12204872472577,10.0,154.0,7481.287622230985,46.46762498280115,31.0,74.63765633447584,473.0,10.0,7,154.0,1,2.0,21
NORM_A_0035,False,Normal_A,0,1655.3525850896108,30.65467750165946,30.852206095039087,10.60095577832841,59.956365216087335,10.0,54.0,2761.352585089611,47.60952732913122,31.485222505351786,66.9484958157107,399.0,10.0,4,54.0,1,2.0,15
NORM_A_0036,False,Normal_A,0,4030.617110378659,31.245093878904335,30.0,14.358194477735069,112.11170305613248,10.0,129.0,6185.617110378659,45.81938600280488,31.0,72.46795605728937,500.0,10.0,6,129.0,1,2.0,26
NORM_A_0037,False,Normal_A,0,3420.8166232591857,29.746231506601614,29.0,11.417137899810482,65.26234953314638,10.0,115.0,5529.816623259186,45.700963828588314,29.0,72.94709681512688,434.0,10.0,6,115.0,1,2.0,28
NORM_A_0038,False,Normal_A,0,1622.461131761033,30.61247418417043,22.0,26.98885245877495,165.70135248135244,10.0,53.0,2712.461131761033,48.43680592430416,22.5,80.77570519775296,413.0,10.0,3,53.0,1,2.0,6
NORM_A_0039,False,Normal_A,0,4197.283933418877,30.637109003057493,29.0,18.223360726551,193.9948264910833,10.0,137.0,6452.283933418877,44.80752731540886,29.0,67.5308329450782,436.0,10.0,7,137.0,1,2.0,24
NORM_A_0040,False,Normal_A,0,2616.0733465445464,28.748058753236773,28.0,13.093170252302674,92.5433283323368,10.0,91.0,4026.0733465445464,42.37971943731102,29.0,69.95727959791698,480.0,10.0,4,91.0,1,2.0,14
NORM_A_0041,False,Normal_A,0,2441.336311062677,30.902991279274392,29.0,16.930567542466605,122.1483985388816,10.0,79.0,3852.336311062677,46.41369049473105,30.0,72.80584694570283,405.0,10.0,4,79.0,1,2.0,20
NORM_A_0042,False,Normal_A,0,3408.8454717196996,30.71031956504234,31.0,11.945326325824,50.0,10.0,111.0,5363.845471719699,45.84483309162136,32.0,68.95007712465164,467.0,10.0,6,111.0,1,1.0,27
NORM_A_0043,False,Normal_A,0,3067.3285387826213,30.98311655335981,29.0,18.15860411936579,151.8574377461108,10.0,99.0,4808.328538782621,45.79360513126306,30.0,66.01542067282253,430.0,10.0,6,99.0,1,2.0,16
NORM_A_0044,False,Normal_A,0,4179.389787037538,32.14915220798106,32.0,17.997589563625567,137.95173590709769,10.0,130.0,6525.389787037538,47.63058238713531,34.0,72.7095616953912,481.0,10.0,7,130.0,1,2.0,24
NORM_A_0045,False,Normal_A,0,2648.296937672475,33.103711720905935,27.5,25.326100524007835,173.59302368319442,10.0,80.0,4185.296937672475,49.82496354371994,30.0,80.4149396514625,476.0,10.0,4,80.0,1,2.0,8
NORM_A_0046,False,Normal_A,0,2000.8093462902254,31.262646035784773,28.0,22.45512838939424,179.33251333673905,11.0,64.0,3309.809346290225,49.40013949686903,29.0,88.26056609382711,499.0,11.0,3,64.0,1,2.0,17
NORM_A_0047,False,Normal_A,0,3545.0004263587807,31.651789521060543,31.5,16.430284704391962,120.03999585695898,10.0,112.0,5471.000426358781,46.7606874047759,32.0,74.92506538004685,467.0,10.0,5,112.0,1,2.0,15
NORM_A_0048,False,Normal_A,0,1875.0014336775673,29.761927518691543,30.0,11.744367899250042,56.82967411206655,10.0,63.0,3053.001433677567,46.25759747996314,31.5,78.47751430408674,479.0,10.0,3,63.0,1,2.0,28
NORM_A_0049,False,Normal_A,0,4373.935641584045,35.273674528903584,31.0,32.21146681691266,247.6538964417757,10.0,124.0,6875.935641584045,52.48805833270263,32.0,82.10305148959367,468.0,10.0,7,124.0,1,2.0,25
NORM_B_0000,False,Normal_B,0,30456.075777952694,117.13875299212575,98.0,165.80869612570103,1769.3684070842758,50.0,260.0,49287.07577795269,185.98896519982148,98.0,527.1206418360981,4405.0,50.0,5,260.0,1,2.0,22
NORM_B_0001,False,Normal_B,0,29985.896233276475,111.88767251222565,109.0,37.00963528367587,528.5410511189791,69.0,268.0,45064.89623327648,165.0728799753717,109.0,412.16490992790574,4605.0,69.0,5,268.0,1,2.0,29
NORM_B_0002,False,Normal_B,0,26677.886235044585,136.80967300022863,124.0,118.22027881834342,1375.8199918768642,61.22385215150132,195.0,42341.886235044585,212.77329766354063,125.0,562.4501360051722,4638.0,61.22385215150132,4,195.0,1,2.0,19
NORM_B_0003,False,Normal_B,0,41736.13124440542,135.06838590422467,127.0,123.0227328133895,2186.0385662627223,71.0,309.0,64931.13124440542,205.47826343166273,127.0,493.8430486783218,4283.0,71.0,7,309.0,1,2.0,19
NORM_B_0004,False,Normal_B,0,26397.819479980768,84.60839576916912,83.0,29.14522463982112,540.9424412587229,50.0,312.0,40723.81947998077,128.46630750782577,83.0,350.6523647364383,3352.0,50.0,5,312.0,1,2.0,25
NORM_B_0005,False,Normal_B,0,35543.510512035,116.53610003945901,115.0,32.46053823435313,589.9157535573265,52.389655607768304,305.0,55430.510512035,177.66189266677884,115.0,414.72662671789925,4026.0,52.389655607768304,7,305.0,1,2.0,25
NORM_B_0006,False,Normal_B,0,31212.78510173786,150.78640145767082,149.0,33.899240851568834,521.2286747521847,63.40952384760962,207.0,47097.78510173786,223.2122516670041,150.0,532.4554465650243,4504.0,63.40952384760962,4,207.0,1,2.0,26
NORM_B_0007,False,Normal_B,0,40671.501460877014,100.17611197260348,79.0,190.85689836878,2308.6735127077086,50.0,406.0,67332.50146087701,163.0326911885642,79.0,522.4320297850363,4403.0,50.0,7,406.0,1,2.0,30
NORM_B_0008,False,Normal_B,0,18623.771379636248,128.439802618181,129.0,21.662498308930598,247.93620042823827,67.70000619071826,145.0,28273.771379636248,191.03899580835304,129.0,464.95459964070216,4782.0,67.70000619071826,3,145.0,1,2.0,29
NORM_B_0009,False,Normal_B,0,30241.79178870529,87.65736750349359,81.0,89.9099076047924,1574.3735479352736,50.0,345.0,48717.79178870529,138.79712760314897,81.0,402.7479912669916,3915.0,50.0,6,345.0,1,2.0,29
NORM_B_0010,False,Normal_B,0,33478.59749489643,108.34497571163892,88.0,196.79173214216112,2730.462005202055,50.0,309.0,54603.59749489643,173.89680730858734,88.0,562.1598785670939,4953.0,50.0,5,309.0,1,2.0,12
NORM_B_0011,False,Normal_B,0,33561.48443267501,102.32159888010673,90.5,130.64567961656354,1873.6921274385895,50.0,328.0,53120.48443267501,159.04336656489525,91.0,458.13582666096755,4475.0,50.0,6,328.0,1,2.0,25
NORM_B_0012,False,Normal_B,0,22792.23965191357,118.09450596846409,114.0,56.651944403834605,858.2396519135681,63.0,193.0,34038.239651913565,173.66448801996717,114.0,471.43423196240275,4971.0,63.0,3,193.0,1,2.0,21
NORM_B_0013,False,Normal_B,0,40924.46005794372,113.05099463520364,107.0,88.20906248978666,1460.7647139361345,69.0,362.0,62033.46005794372,168.56918494006445,107.0,447.6644108679769,4525.0,69.0,6,362.0,1,2.0,26
NORM_B_0014,False,Normal_B,0,18765.985223119238,146.60925955561905,141.5,85.09663513617993,1061.910928166651,67.77314253090528,128.0,30212.985223119238,230.63347498564303,142.0,570.3192423496473,4896.0,67.77314253090528,3,128.0,1,2.0,18
NORM_B_0015,False,Normal_B,0,29171.186356919992,115.75867601952378,106.0,101.45007468994878,1486.349268069545,59.0,252.0,45953.18635691999,179.50463420671872,107.0,519.1862846547448,4804.0,59.0,4,252.0,1,2.0,21
NORM_B_0016,False,Normal_B,0,49893.52228990783,117.39652303507725,117.0,32.60911935734136,687.9787719588643,61.0,425.0,76110.52228990782,176.1817645599718,117.0,465.8232074004174,4587.0,61.0,7,425.0,1,2.0,19
NORM_B_0017,False,Normal_B,0,42005.55480018126,114.14552934831863,111.0,50.110023097344644,925.0512232841364,53.29899103109093,368.0,64834.55480018126,173.35442459941513,111.0,471.23506835043855,4610.0,53.29899103109093,6,368.0,1,2.0,14
NORM_B_0018,False,Normal_B,0,30269.04465474772,123.5471210397866,94.0,228.9854210099937,2246.8428091232768,63.0,245.0,50676.04465474772,202.70417861899088,94.0,607.4314979042007,4619.0,63.0,5,245.0,1,2.0,27
NORM_B_0019,False,Normal_B,0,25218.802549198153,110.60878311051822,100.0,126.23214581342606,1849.8657789988474,59.0,228.0,39681.80254919815,170.30816544720238,100.0,452.7454990836725,4879.0,59.0,5,228.0,1,2.0,4
NORM_B_0020,False,Normal_B,0,33792.921197891366,110.79646294390612,94.0,141.6636062698083,1548.994716661499,55.0,305.0,54035.921197891366,174.3094232190044,94.0,523.7050801644679,4959.0,55.0,5,305.0,1,2.0,17
NORM_B_0021,False,Normal_B,0,30744.156110024414,149.24347626225443,151.5,25.958833467223126,200.0,55.41725181238029,206.0,46960.156110024414,222.55998156409674,152.0,497.04259071453765,4661.0,55.41725181238029,5,206.0,1,1.0,14
NORM_B_0022,False,Normal_B,0,34995.07745622183,127.25482711353392,125.0,18.87079736345463,181.0,75.0,275.0,53397.07745622183,190.02518667694602,126.0,438.33034768316605,3853.0,75.0,6,275.0,1,1.0,16
NORM_B_0023,False,Normal_B,0,33113.81105801562,139.13365990762867,138.0,32.83046575727723,522.4557868146651,83.0,238.0,52666.81105801562,215.8475863033427,139.0,502.05580919595934,4522.0,83.0,6,238.0,1,2.0,24
NORM_B_0024,False,Normal_B,0,29728.352555730988,99.42592828003674,82.0,174.08187570864058,2581.962952010422,50.0,299.0,47949.35255573099,157.72813340700984,82.0,498.9453067924383,4960.0,50.0,5,299.0,1,2.0,21
NORM_B_0025,False,Normal_B,0,37670.87675558389,110.14876244322775,93.0,193.32246712913542,2821.8761548265434,50.0,342.0,62674.87675558389,179.5841740847676,93.0,542.2272342348633,4940.0,50.0,7,342.0,1,2.0,19
NORM_B_0026,False,Normal_B,0,36446.692900720314,119.10683954483763,110.0,81.26255362429498,937.3677265176062,60.0,306.0,57636.692900720314,184.73299006641128,111.0,490.2197570922233,4762.0,60.0,6,306.0,1,2.0,21
NORM_B_0027,False,Normal_B,0,53931.65663566164,141.9254121991096,138.0,61.548096143962475,1212.3634149158538,62.0,380.0,82176.65663566164,212.34278200429364,139.0,532.2300075399581,4771.0,62.0,7,380.0,1,2.0,19
NORM_B_0028,False,Normal_B,0,21909.97062155465,98.25098933432578,80.0,196.00469650105077,2578.1326599100566,50.0,223.0,35629.97062155465,156.96022300244337,80.0,503.60624661687876,4954.0,50.0,4,223.0,1,2.0,25
NORM_B_0029,False,Normal_B,0,38735.82861948836,113.26265678212971,95.5,182.7199222774568,2638.4289981574266,50.0,342.0,62363.82861948836,178.69291868048242,96.0,508.50542971987505,4856.0,50.0,7,342.0,1,2.0,29
NORM_B_0030,False,Normal_B,0,33905.67156067167,98.56299872288275,76.0,177.74877696077652,1720.7508896519673,50.0,344.0,56306.67156067167,160.8762044590619,77.0,510.88416352650574,4750.0,50.0,6,344.0,1,2.0,20
NORM_B_0031,False,Normal_B,0,22570.656773680024,141.9538161866668,116.0,195.74452351981932,2085.323132740637,79.0,159.0,35860.65677368002,221.36207884987667,116.0,611.8776440206991,4665.0,79.0,3,159.0,1,2.0,11
NORM_B_0032,False,Normal_B,0,38932.17025798997,92.47546379570065,83.0,108.9649485886264,1755.3755619750675,51.0,421.0,59964.17025798997,140.10320153735975,83.0,399.4533485943768,4468.0,51.0,7,421.0,1,2.0,26
NORM_B_0033,False,Normal_B,0,34663.73601779649,118.30626627234297,106.0,136.80109751958094,1711.8351246562913,61.0,293.0,55513.73601779649,185.6646689558411,107.0,507.1288159746704,4790.0,61.0,6,293.0,1,2.0,17
NORM_B_0034,False,Normal_B,0,29740.81691148894,140.95173891700918,139.0,48.248398472570905,775.6405305058062,57.0,211.0,46017.81691148894,213.04544866430064,140.0,496.5056456767577,4801.0,57.0,5,211.0,1,2.0,25
NORM_B_0035,False,Normal_B,0,13498.683982018743,133.65033645563113,136.0,26.643000452341496,179.0,53.64775701199131,101.0,20568.683982018745,197.77580751941102,136.0,378.38027975487734,2783.0,53.64775701199131,3,101.0,1,1.0,8
NORM_B_0036,False,Normal_B,0,42684.07380915983,117.91180610265147,111.0,90.3617602408911,1450.105941952005,65.0,362.0,67646.07380915983,183.82085274228214,111.0,526.8524026596422,4853.0,65.0,6,362.0,1,2.0,20
NORM_B_0037,False,Normal_B,0,26466.609714754937,152.98618332228287,148.0,70.90657218829496,1028.4976620048344,59.782811724296174,173.0,41575.60971475494,234.8904503658471,149.0,553.746447434122,4708.0,59.782811724296174,4,173.0,1,2.0,8
NORM_B_0038,False,Normal_B,0,22036.860968568682,149.91061883380056,133.0,113.52555949294211,1021.4309944015822,90.0,147.0,35557.86096856868,237.05240645712456,134.0,622.2786641467138,4544.0,90.0,3,147.0,1,2.0,11
NORM_B_0039,False,Normal_B,0,22995.328182957444,129.91710837829064,130.0,23.886803386712476,178.0,55.41341655238075,177.0,35357.32818295744,195.3443546019748,131.0,440.18189459694355,3600.0,55.41341655238075,4,177.0,1,1.0,20
NORM_B_0040,False,Normal_B,0,16517.13406433228,128.03979894831224,129.0,19.138489231114367,174.0,72.0,129.0,26745.13406433228,202.61465200251726,129.5,495.1638217629634,3909.0,72.0,3,129.0,1,1.0,17
NORM_B_0041,False,Normal_B,0,18050.524882166046,115.70849283439773,116.0,17.09706827897568,156.0,52.27588943137016,156.0,28765.524882166046,180.91525083123298,116.0,479.01672686840084,4335.0,52.27588943137016,3,156.0,1,1.0,9
NORM_B_0042,False,Normal_B,0,33933.23914957743,100.6921043014167,87.0,109.76279296689238,1307.6620994407888,50.0,337.0,55413.23914957743,161.55463308914702,88.0,486.2813792653946,4877.0,50.0,6,337.0,1,2.0,30
NORM_B_0043,False,Normal_B,0,38966.68110811571,139.66552368500254,140.0,23.146616023317016,193.0,54.0306154432251,279.0,59595.68110811571,209.1076530109323,140.0,490.2654742865691,4349.0,54.0306154432251,6,279.0,1,1.0,24
NORM_B_0044,False,Normal_B,0,39028.63830281031,129.66325017544952,127.0,41.89663890699089,598.8613110657172,54.43416074333422,301.0,60162.63830281031,195.3332412428906,128.0,451.3356199962573,4455.0,54.43416074333422,7,301.0,1,2.0,20
NORM_B_0045,False,Normal_B,0,39436.93551010338,117.02354750772517,112.0,93.26443770229312,1773.735962992139,70.0,337.0,60812.93551010338,177.29718807610314,112.0,482.7030961397913,4972.0,70.0,6,337.0,1,2.0,17
NORM_B_0046,False,Normal_B,0,31273.38032270314,90.12501533920212,75.0,142.26378781745186,2059.3139682807455,50.0,347.0,50513.38032270314,143.09739468187857,75.0,439.43805050876756,4579.0,50.0,6,347.0,1,2.0,24
NORM_B_0047,False,Normal_B,0,16457.88920249576,118.40208059349467,122.0,19.370481053039533,166.0,55.7818851854268,139.0,25544.88920249576,179.89358593306875,122.0,426.9461353144486,3561.0,55.7818851854268,3,139.0,1,1.0,19
NORM_B_0048,False,Normal_B,0,30342.06180480035,89.50460709380634,80.0,118.48744334501137,1815.706424742971,50.0,339.0,48497.06180480035,140.57119363710248,80.0,421.5635698715864,4801.0,50.0,6,339.0,1,2.0,8
NORM_B_0049,False,Normal_B,0,27000.771362406602,95.40908608624241,85.0,129.05577041339546,1667.7403759905048,50.0,283.0,44104.7713624066,153.1415672305785,86.0,463.58612601799234,4352.0,50.0,5,283.0,1,2.0,25
NORM_C_0000,False,Normal_C,0,22686.294766755025,206.2390433341366,209.5,88.23532937252068,300.0,54.0,110.0,35055.294766755025,302.2008169547847,224.0,447.05438446988165,2836.0,54.0,6,110.0,1,1.0,29
NORM_C_0001,False,Normal_C,0,13561.279541631648,229.8521956208754,257.0,76.99507869352239,300.0,59.23245083668743,59.0,21691.279541631648,344.30602447034363,278.0,475.6943261156343,2720.0,59.23245083668743,4,59.0,1,1.0,15
NORM_C_0002,False,Normal_C,0,25965.571358768597,216.37976132307165,212.5,78.84200791588296,300.0,65.0,120.0,39149.5713587686,310.7108837997508,228.0,452.21813868279014,2881.0,65.0,6,120.0,1,1.0,28
NORM_C_0003,False,Normal_C,0,24863.457415254175,200.511753348824,191.13745085240336,85.11345120967097,300.0,64.0,124.0,38234.457415254175,294.1112108865706,204.1652354737509,458.3883185109736,2951.0,64.0,6,124.0,1,1.0,17
NORM_C_0004,False,Normal_C,0,22499.56230152042,193.9617439786243,185.94831602554834,85.78258632048654,300.0,50.0,116.0,34734.56230152042,284.70952706164275,197.87884346246557,423.67785136803695,2821.0,50.0,6,116.0,1,1.0,23
NORM_C_0005,False,Normal_C,0,10530.248488255345,198.6839337406669,191.0,71.11165093745893,300.0,71.0,53.0,15758.248488255345,281.39729443313115,197.3182465642499,393.87404036555785,2743.0,71.0,3,53.0,1,1.0,23
NORM_C_0006,False,Normal_C,0,14159.947726694154,232.13029060154352,257.0,72.3241621270104,300.0,97.0,61.0,21769.947726694154,334.9222727183716,271.0,428.842072416344,2226.0,97.0,4,61.0,1,1.0,8
NORM_C_0007,False,Normal_C,0,27078.871551258322,209.91373295549087,203.0,82.36203243895667,300.0,51.04881549551328,129.0,40259.87155125832,296.02846728866416,224.0,403.5315445431494,2840.0,51.04881549551328,7,129.0,1,1.0,24
NORM_C_0008,False,Normal_C,0,11966.495228136608,202.82195301926453,203.0,89.59545213085075,300.0,30.34344803079127,59.0,16763.495228136606,270.3789552925259,222.93050583010438,318.7500335865848,1931.0,30.34344803079127,3,59.0,1,1.0,16
NORM_C_0009,False,Normal_C,0,18483.872207855722,200.91165443321438,193.5,80.20336024913014,300.0,62.36858301515422,92.0,28963.872207855722,298.5966206995435,196.0,470.15096944294083,2850.0,62.36858301515422,5,92.0,1,1.0,24
NORM_C_0010,False,Normal_C,0,15443.789607597324,171.59766230663692,154.5,82.92601113119045,300.0,50.0,90.0,24406.789607597326,256.91357481681393,156.55011444325658,392.1976000230249,2839.0,50.0,5,90.0,1,1.0,26
NORM_C_0011,False,Normal_C,0,14569.206873140434,196.8811739613572,203.06351866696104,83.50957942478477,300.0,61.0,74.0,23066.206873140432,295.72060093769784,208.18199917608774,453.85958172988256,2743.0,61.0,4,74.0,1,1.0,14
NORM_C_0012,False,Normal_C,0,14380.911474571558,182.03685410850073,164.0,86.5334040346466,300.0,49.0,79.0,22888.911474571556,275.7700177659224,173.0,428.88315966940286,2376.0,49.0,4,79.0,1,1.0,25
NORM_C_0013,False,Normal_C,0,18137.180356395864,226.7147544549483,282.0428562344731,85.28719832704202,300.0,26.58315513768798,80.0,26992.180356395864,317.5550630164219,288.0,391.8467029983838,2496.0,26.58315513768798,5,80.0,1,1.0,30
NORM_C_0014,False,Normal_C,0,16696.48056578555,162.10175306587914,135.0,84.87094054929517,300.0,46.0,103.0,26139.48056578555,242.0322274609773,143.5,382.74713928872103,2433.0,46.0,5,103.0,1,1.0,20
NORM_C_0015,False,Normal_C,0,10549.178607610687,202.8688193771286,183.5,78.17776867242678,300.0,42.87988724053628,52.0,15876.178607610687,288.65779286564884,203.0,371.4399825093945,1972.0,42.87988724053628,3,52.0,1,1.0,14
NORM_C_0016,False,Normal_C,0,7347.681411785203,179.2117417508586,171.0,84.69412618302123,300.0,27.45668210226284,41.0,11803.681411785203,268.2654866314819,188.0,349.9952240889143,1707.0,27.45668210226284,3,41.0,1,1.0,20
NORM_C_0017,False,Normal_C,0,12196.635305412796,206.72263229513214,228.0,77.96492673117778,300.0,88.0,59.0,20338.635305412794,317.7911766470749,238.5,406.5791950967393,2272.0,88.0,5,59.0,1,1.0,24
NORM_C_0018,False,Normal_C,0,20892.52293176297,206.8566626907225,228.0,91.23412242195155,300.0,28.819960582815725,101.0,33472.52293176297,312.8273171192801,251.0,456.98493567825705,2860.0,28.819960582815725,6,101.0,1,1.0,21
NORM_C_0019,False,Normal_C,0,20376.85756936518,214.49323757226506,226.0,86.94013544937036,300.0,45.0,95.0,30873.85756936518,308.7385756936518,258.5,443.5475391800068,2796.0,45.0,5,95.0,1,1.0,21
NORM_C_0020,False,Normal_C,0,15869.678329277724,206.09971856204837,228.0,88.10500046045614,300.0,29.752703074685872,77.0,23960.67832927772,295.8108435713299,234.0,426.4612539885051,2767.0,29.752703074685872,4,77.0,1,1.0,11
NORM_C_0021,False,Normal_C,0,21609.366334246915,191.23333039156563,173.0,79.31348995537182,300.0,49.220124089325054,113.0,32853.366334246915,276.07870869115055,181.62267114162228,406.2804060401136,2729.0,49.220124089325054,6,113.0,1,1.0,20
NORM_C_0022,False,Normal_C,0,24640.67865806386,212.41964360399882,243.5,90.6099043768896,300.0,29.218208129058798,116.0,36776.67865806386,303.9394930418501,251.0,461.85528857621597,2925.0,29.218208129058798,5,116.0,1,1.0,23
NORM_C_0023,False,Normal_C,0,19468.1304757551,231.76345804470358,249.28348762582232,73.04167574461273,300.0,77.0,84.0,28843.1304757551,327.76284631539886,256.5,457.74341392375305,2903.0,77.0,4,84.0,1,1.0,22
NORM_C_0024,False,Normal_C,0,25846.655099426447,200.36166743741433,197.0,86.97351472019247,300.0,20.302204627688695,129.0,37609.65509942645,278.5900377735292,198.0,395.74397052985535,2987.0,20.302204627688695,6,129.0,1,1.0,25
NORM_C_0025,False,Normal_C,0,13427.36333265189,213.13275131193475,224.0,75.46063257141161,300.0,85.0,63.0,20314.36333265189,307.79338382805895,232.5,456.21048275995,3000.0,85.0,3,63.0,1,1.0,27
NORM_C_0026,False,Normal_C,0,23822.338817008087,205.36498980179385,197.5,76.6380988179563,300.0,64.50322853706332,116.0,35468.33881700809,290.7240886640007,204.5,407.1697990991206,2557.0,64.50322853706332,6,116.0,1,1.0,28
NORM_C_0027,False,Normal_C,0,9729.625475294544,176.9022813689917,166.0,90.31359344607999,300.0,20.940091185382133,55.0,16110.625475294544,273.06144873380583,172.0,374.06252127832266,1908.0,20.940091185382133,4,55.0,1,1.0,25
NORM_C_0028,False,Normal_C,0,12678.78311531531,207.84890352975916,210.0,83.26198751445052,300.0,71.01945641723336,61.0,18989.78311531531,296.7153611768017,230.7315117637266,418.70998651321304,2476.0,71.01945641723336,3,61.0,1,1.0,26
NORM_C_0029,False,Normal_C,0,15759.362038849022,169.4555057940755,154.0,71.67353590547717,300.0,68.0,93.0,24009.36203884902,244.99349019233694,159.0,357.06726489559315,2530.0,68.0,5,93.0,1,1.0,17
NORM_C_0030,False,Normal_C,0,11045.33492018397,181.07106426531098,176.0,85.20337054467227,300.0,57.0,61.0,17426.33492018397,272.28648312787453,181.19344304592835,430.81327596434994,2625.0,57.0,3,61.0,1,1.0,16
NORM_C_0031,False,Normal_C,1,21793.78454266155,189.5111699361874,186.0,81.86505815919686,300.0,60.97875809078454,115.0,33005.784542661546,270.53921756279954,190.0,359.4807283884273,2421.0,60.97875809078454,7,115.0,1,1.0,23
NORM_C_0032,False,Normal_C,0,21315.5972955469,217.5060948525194,250.5075280531422,88.24954020964846,300.0,38.23651565773571,98.0,33579.5972955469,326.0155077237563,254.8900130891634,505.9774955897696,2976.0,38.23651565773571,5,98.0,1,1.0,27
NORM_C_0033,False,Normal_C,0,14811.514117680821,221.06737489075851,273.0,85.05176202970219,300.0,67.0,67.0,22386.51411768082,319.80734453829746,277.5,481.1505061092822,2797.0,67.0,3,67.0,1,1.0,15
NORM_C_0034,False,Normal_C,0,15618.929785882056,205.5122340247639,187.5,78.69349112407308,300.0,71.0,76.0,22498.929785882057,281.2366223235257,214.5,374.9037015661827,2700.0,71.0,4,76.0,1,1.0,10
NORM_C_0035,False,Normal_C,0,18658.40607420709,171.1780373780467,146.0,92.8354999649752,300.0,32.04381224992043,109.0,29856.40607420709,261.8982988965534,151.5,448.3778413780658,2965.0,32.04381224992043,5,109.0,1,1.0,22
NORM_C_0036,False,Normal_C,0,22862.618395964153,209.74879262352434,216.0,77.10368735206613,300.0,44.51052623413989,109.0,35019.61839596416,304.51842083447093,225.26431866346346,419.99461568975465,2583.0,44.51052623413989,6,109.0,1,1.0,17
NORM_C_0037,False,Normal_C,0,28310.42408004322,188.73616053362147,170.5,84.01269566057815,300.0,37.57397362473097,150.0,43547.424080043216,277.37212789836445,176.0,428.6708429146414,2628.0,37.57397362473097,7,150.0,1,2.0,25
NORM_C_0038,False,Normal_C,0,28754.283340374328,221.18679492595638,227.5,79.49802049709079,300.0,26.99769408791423,130.0,43133.28334037433,314.841484236309,239.0,428.3261150594631,2961.0,26.99769408791423,7,130.0,1,1.0,29
NORM_C_0039,False,Normal_C,0,17725.40046442432,192.6673963524383,188.0,78.38294194284131,300.0,72.0,92.0,28519.40046442432,291.0142904533094,200.5,413.5277855627972,2716.0,72.0,6,92.0,1,1.0,26
NORM_C_0040,False,Normal_C,0,28157.97862587001,204.04332337586965,216.5,90.14244264165275,300.0,56.0,138.0,42157.97862587001,290.7446801784139,235.0,410.21351944480756,2963.0,56.0,7,138.0,1,1.0,13
NORM_C_0041,False,Normal_C,0,25509.272892853944,200.8604164791649,209.85362886367483,90.50972221579272,300.0,30.891979088834205,127.0,37316.27289285394,280.5734803973981,223.0,397.3853832572096,2708.0,30.891979088834205,6,127.0,1,1.0,29
NORM_C_0042,False,Normal_C,0,8710.081768771663,185.32088869726942,193.6779522578372,92.65885012892409,300.0,56.0,47.0,14653.081768771663,293.06163537543324,194.5,464.0763365887553,2691.0,56.0,3,47.0,1,1.0,20
NORM_C_0043,False,Normal_C,0,20307.899574696497,199.09705465388723,182.0,82.13168163796374,300.0,54.0,102.0,31982.899574696497,298.9056035018364,198.0,464.8569775830669,2940.0,54.0,5,102.0,1,1.0,19
NORM_C_0044,False,Normal_C,0,28488.0632062389,211.02269041658445,210.0,84.2305547259576,300.0,23.577327579501684,135.0,44873.0632062389,316.00748736787955,229.0,476.8353876797396,2819.0,23.577327579501684,7,135.0,1,1.0,30
NORM_C_0045,False,Normal_C,0,8137.531447833239,180.83403217407198,178.0,82.2300923057746,300.0,66.0,45.0,13183.53144783324,274.6569051631925,190.5,397.03098524826055,2400.0,66.0,3,45.0,1,1.0,18
NORM_C_0046,False,Normal_C,0,15998.000489502878,210.50000644082735,237.2496101391252,92.47143623662917,300.0,30.591822897090122,76.0,23337.00048950288,291.712506118786,261.5,382.83376762310087,2431.0,30.591822897090122,4,76.0,1,1.0,14
NORM_C_0047,False,Normal_C,0,28578.253227952402,221.5368467283132,234.5883730071332,82.04176575854613,300.0,53.0,129.0,44274.2532279524,325.54597961729706,272.5,485.2621890490376,2932.0,53.0,7,129.0,1,1.0,25
NORM_C_0048,False,Normal_C,0,22097.21207895357,200.88374617230517,215.0,91.52712339148162,300.0,51.0,110.0,33891.21207895357,294.7061919909006,226.0,456.4614379008519,2652.0,51.0,5,110.0,1,1.0,29
NORM_C_0049,False,Normal_C,0,22384.683917463568,201.66381907624836,214.0,90.12423718733687,300.0,55.0,111.0,34115.68391746357,291.58704202960314,220.0,422.23269529725496,2845.0,55.0,6,111.0,1,1.0,16
SUSP_STRUCT_0000,True,Suspicious_Structuring,0,47043.64813861278,1680.130290664742,22.5,4910.427062878924,17782.31517933392,10.0,28.0,95344.64813861277,1095.9154958461238,776.0,2781.6278031999454,17782.31517933392,10.0,59,28.0,1,2.0,5
SUSP_STRUCT_0001,True,Suspicious_Structuring,0,48539.986698575834,1470.9086878356313,19.0,4739.076617187771,19493.249200257807,10.0,33.0,98495.98669857584,1059.0966311674822,792.0,2812.325894747919,19493.249200257807,10.0,60,33.0,1,2.0,6
SUSP_STRUCT_0002,True,Suspicious_Structuring,0,31253.62660782943,1736.312589323857,18.5,5064.786430105243,17846.303635682216,11.0,18.0,63696.62660782943,1117.484677330341,785.0,2823.221687481056,17846.303635682216,11.0,39,18.0,1,2.0,2
SUSP_STRUCT_0003,True,Suspicious_Structuring,0,27456.38369116938,1961.1702636549558,21.5,4990.352723510983,15511.61509502694,10.0,14.0,55417.38369116938,1130.9670141054976,746.0,2651.419388921625,15511.61509502694,10.0,35,14.0,1,2.0,8
SUSP_STRUCT_0004,True,Suspicious_Structuring,0,27137.94039759373,1809.1960265062487,24.0,4737.495209747396,14509.443912547807,10.0,15.0,55339.94039759373,1106.7988079518746,790.5,2575.0413348931984,14509.443912547807,10.0,35,15.0,1,2.0,2
SUSP_STRUCT_0005,True,Suspicious_Structuring,0,30213.3841810309,1777.2578930018176,21.0,5016.770148940954,17071.79414311994,13.0,17.0,61057.384181030895,1130.6922996487203,788.0,2792.3610116142863,17071.79414311994,13.0,37,17.0,1,2.0,1
SUSP_STRUCT_0006,True,Suspicious_Structuring,0,37301.376451913464,2869.3366501471896,22.0,6969.408588439899,19557.52160817875,10.0,13.0,75215.37645191347,1274.8368890154825,796.0,3284.0496313392396,19557.52160817875,10.0,46,13.0,1,2.0,5
SUSP_STRUCT_0007,True,Suspicious_Structuring,0,65415.180012131954,1817.088333670332,19.5,5247.395217356859,19662.608845062536,10.0,36.0,132715.18001213195,1115.2536135473274,757.0,2895.997428090443,19662.608845062536,10.0,83,36.0,1,2.0,7
SUSP_STRUCT_0008,True,Suspicious_Structuring,0,47291.90234878115,1891.676093951246,23.0,5327.550856019731,20620.777123748012,12.0,25.0,95826.90234878115,1140.796456533109,783.5,2907.360096053003,20620.777123748012,12.0,59,25.0,1,2.0,6
SUSP_STRUCT_0009,True,Suspicious_Structuring,0,61804.021853326296,1931.3756829164467,23.0,5163.053972152546,16957.511345418887,10.0,32.0,125037.0218533263,1136.7001986666028,759.5,2801.1890107051054,16957.511345418887,10.0,78,32.0,1,2.0,6
SUSP_RAPID_0000,True,Suspicious_RapidInOut,0,28254.67377880222,1345.460656133439,38.0,3305.785544259946,10101.698309134195,11.0,21.0,57185.673778802215,2382.7364074500924,39.0,4174.3075412039925,10559.0,11.0,3,21.0,1,2.0,11
SUSP_RAPID_0001,True,Suspicious_RapidInOut,0,35742.989698856276,992.8608249682298,33.0,2774.7828966258107,9657.72666836648,10.0,36.0,72303.98969885628,1807.5997424714071,35.5,3619.1397844606836,9964.0,10.0,4,36.0,1,2.0,6
SUSP_RAPID_0002,True,Suspicious_RapidInOut,0,50329.48400654337,1360.256324501172,27.0,3439.3334841447404,11099.43774094958,10.0,37.0,102020.48400654337,2429.0591430129375,34.5,4382.219645350173,11797.0,10.0,5,37.0,1,2.0,11
SUSP_RAPID_0003,True,Suspicious_RapidInOut,0,49525.52578670426,1179.1791853977204,36.5,3170.531887774039,10891.539938576158,10.0,42.0,100211.52578670427,2132.160123121367,38.0,4100.411555433962,11286.0,10.0,5,42.0,1,2.0,13
SUSP_RAPID_0004,True,Suspicious_RapidInOut,0,50356.70922057489,1291.1976723224332,34.0,3337.0608480499395,10848.143593098777,11.0,39.0,101953.70922057489,2317.1297550130657,35.5,4276.904725678442,11391.0,11.0,5,39.0,1,2.0,11
SUSP_RAPID_0005,True,Suspicious_RapidInOut,0,42675.28240673999,1293.190375961818,35.0,3463.5714566243555,11358.84263182552,10.0,33.0,86022.28240673999,2324.9265515335132,35.0,4444.6859738889925,11797.0,10.0,4,33.0,1,2.0,11
SUSP_RAPID_0006,True,Suspicious_RapidInOut,0,40436.32764874801,1225.343262083273,28.0,3289.866061449708,11099.362367540445,10.0,33.0,81859.327648748,2212.414260776973,34.0,4241.894248095733,11510.0,10.0,4,33.0,1,2.0,12
SUSP_RAPID_0007,True,Suspicious_RapidInOut,0,38504.8745337277,1283.4958177909234,29.5,3279.9018987798772,11247.549394023223,12.0,30.0,77678.8745337277,2284.672780403756,36.5,4166.930440154971,11700.0,12.0,4,30.0,1,2.0,12
SUSP_RAPID_0008,True,Suspicious_RapidInOut,0,29429.784177756468,1131.9147760675564,43.0,3113.199532667402,10625.58044614423,13.0,26.0,59556.78417775647,2053.6822130260853,43.0,4051.6502259282447,11114.0,13.0,3,26.0,1,2.0,12
SUSP_RAPID_0009,True,Suspicious_RapidInOut,0,50254.363719493864,1168.7061330114852,29.0,3211.860005684907,11485.014142087806,10.0,43.0,101605.36371949386,2116.778410822789,35.5,4158.902225708911,11914.0,10.0,5,43.0,1,2.0,12
SUSP_SPIKE_0000,True,Suspicious_VolatilitySpike,0,73621.05837381107,545.3411731393413,52.0,1787.9454786493848,11728.139043329827,30.0,135.0,129782.05837381107,933.6838731928855,52.0,2869.2547295843024,14413.0,30.0,4,135.0,1,2.0,18
SUSP_SPIKE_0001,True,Suspicious_VolatilitySpike,0,56037.33838405209,523.7134428416083,50.0,1573.604661191993,10600.174810395458,31.0,107.0,94151.3383840521,855.9212580368372,50.0,2536.910022105253,14275.0,31.0,3,107.0,1,2.0,5
SUSP_SPIKE_0002,True,Suspicious_VolatilitySpike,0,36239.015758319176,389.66683611095885,51.0,1129.0059497220595,5829.0,30.0,93.0,66539.01575831918,693.1147474824915,51.0,2072.8654346960516,13447.0,30.0,3,93.0,1,2.0,1
SUSP_SPIKE_0003,True,Suspicious_VolatilitySpike,0,47299.168165615476,459.2152249088881,52.0,1217.6151014943491,4718.0,30.0,103.0,84642.16816561547,798.5110204303346,52.0,2352.6416959164753,14280.0,30.0,3,103.0,1,2.0,14
SUSP_SPIKE_0004,True,Suspicious_VolatilitySpike,0,63862.72582940367,527.7911225570551,53.0,1542.4332281154652,9835.13400122881,30.0,121.0,112383.72582940367,899.0698066352294,53.0,2582.239534515173,14678.0,30.0,4,121.0,1,2.0,16
SUSP_SPIKE_0005,True,Suspicious_VolatilitySpike,0,40962.883285947784,422.29776583451326,56.0,1247.0621401818557,5656.0,30.0,97.0,70667.88328594778,706.6788328594779,56.0,2042.7079769594116,10837.0,30.0,3,97.0,1,2.0,15
SUSP_SPIKE_0006,True,Suspicious_VolatilitySpike,0,67703.01250654223,568.9328782062372,53.0,1582.2771381472207,8600.412427002491,30.0,119.0,110737.01250654223,900.3009146873352,54.0,2416.0015051017754,14011.0,30.0,4,119.0,1,2.0,14
SUSP_SPIKE_0007,True,Suspicious_VolatilitySpike,0,48135.407576102065,481.3540757610206,51.5,1483.7949459577208,9227.164935533145,30.0,100.0,79686.40757610206,773.6544424864278,52.0,2303.048387190285,14965.0,30.0,3,100.0,1,2.0,14
SUSP_SPIKE_0008,True,Suspicious_VolatilitySpike,0,32958.91902408687,445.39079762279556,49.5,1413.2391997653722,7661.88814687198,30.0,74.0,57919.91902408687,762.1041976853536,50.0,2420.993070140361,14902.0,30.0,2,74.0,1,2.0,4
SUSP_SPIKE_0009,True,Suspicious_VolatilitySpike,0,70137.18710458309,490.46983989218944,51.0,1530.9448617159255,8562.541552693074,30.0,143.0,116276.18710458309,790.9944700992047,52.0,2372.895210108811,13987.0,30.0,4,143.0,1,2.0,11
SUSP_COORD_0000_00,True,Suspicious_Coordinated_Group0,0,4097.253248807348,93.11939201834883,94.0,8.103838382687526,111.0,79.0,44.0,6319.253248807348,140.42784997349662,94.0,317.4558841490279,2222.0,79.0,1,44.0,1,1.0,1
SUSP_COORD_0000_01,True,Suspicious_Coordinated_Group0,0,4302.793749556177,104.9461890135653,94.0,68.29081855258048,527.7937495561772,76.0,41.0,6432.793749556177,153.16175594181374,94.5,319.67015224831977,2130.0,76.0,1,41.0,1,2.0,1
SUSP_COORD_0001_00,True,Suspicious_Coordinated_Group1,0,3507.3505511823514,113.14034036072101,92.0,124.76190016920563,784.3505511823515,77.0,31.0,5962.350551182351,186.32345472444848,92.5,431.79624952298315,2455.0,77.0,1,31.0,1,2.0,1
SUSP_COORD_0001_01,True,Suspicious_Coordinated_Group1,0,4314.117688425889,100.3283183354858,89.0,76.68154276510226,589.1176884258896,72.0,43.0,6853.117688425889,155.75267473695203,89.5,375.3733100173936,2539.0,72.0,1,43.0,1,2.0,1
SUSP_COORD_0002_00,True,Suspicious_Coordinated_Group2,0,3953.240343881251,123.5387607462891,114.0,56.66193498839335,431.24034388125136,97.0,32.0,6337.240343881252,192.03758617821975,114.0,397.42821268125863,2384.0,97.0,1,32.0,1,2.0,1
SUSP_COORD_0002_01,True,Suspicious_Coordinated_Group2,0,5432.182378242589,155.20521080693112,116.0,230.7982861149951,1480.1823782425895,91.0,35.0,9109.182378242589,253.0328438400719,116.5,629.5035810776455,3677.0,91.0,1,35.0,1,2.0,1
SUSP_COORD_0003_00,True,Suspicious_Coordinated_Group3,0,4436.848158231329,123.24578217309246,95.5,160.16752015244955,1056.8481582313286,84.0,36.0,7493.848158231329,202.53643670895482,96.0,507.5040154835891,3057.0,84.0,1,36.0,1,2.0,1
SUSP_COORD_0003_01,True,Suspicious_Coordinated_Group3,0,3872.035159041504,99.282952795936,94.0,31.485597496305726,286.03515904150373,76.0,39.0,6320.035159041504,158.0008789760376,94.0,372.6630086256826,2448.0,76.0,1,39.0,1,2.0,1
SUSP_COORD_0004_00,True,Suspicious_Coordinated_Group4,0,5213.249667985719,121.2383643717609,119.0,24.092593969031064,256.2496679857183,92.0,43.0,8119.249667985719,184.52840154512998,119.0,420.49330745340757,2906.0,92.0,1,43.0,1,2.0,1
SUSP_COORD_0004_01,True,Suspicious_Coordinated_Group4,0,4845.0,121.125,121.0,10.884445500169212,151.0,91.0,40.0,7101.0,173.1951219512195,121.0,333.5846383987275,2256.0,91.0,1,40.0,1,1.0,1
SUSP_COORD_0004_02,True,Suspicious_Coordinated_Group4,0,5212.917179989172,118.47539045429936,118.0,11.842978247846977,143.0,69.9171799891717,44.0,7837.917179989172,174.17593733309272,119.0,373.83400060885896,2625.0,69.9171799891717,1,44.0,1,1.0,1
SUSP_BOT_0000,True,Suspicious_Bot,0,57519.912741909175,216.24027346582398,150.0,564.2363800843623,5911.8849032193,150.0,266.0,98319.91274190918,364.147824970034,150.0,1360.497193212298,13950.0,150.0,4,266.0,1,2.0,15
SUSP_BOT_0001,True,Suspicious_Bot,0,20758.59206112211,79.53483548322649,50.0,267.45194490248286,3310.464929497462,50.0,261.0,36008.59206112211,135.88147947593248,50.0,537.1028186430077,4800.0,50.0,4,261.0,1,2.0,10
SUSP_BOT_0002,True,Suspicious_Bot,0,24483.15293640705,85.3071530885263,50.0,290.5146348727888,3245.182147494224,50.0,287.0,42883.15293640705,146.86011279591457,50.0,553.7401935798363,4500.0,50.0,5,287.0,1,2.0,13
SUSP_BOT_0003,True,Suspicious_Bot,0,45942.20558732345,227.43666132338342,150.0,702.3542744146976,8796.29712325621,150.0,202.0,78942.20558732345,385.08392969426075,150.0,1487.3044013610504,12900.0,150.0,3,202.0,1,2.0,8
SUSP_BOT_0004,True,Suspicious_Bot,0,13368.703735614836,70.7338821990203,50.0,172.5421417789175,1948.2607231781553,50.0,189.0,22468.703735614836,117.02449862299393,50.0,407.89422311893054,3450.0,50.0,3,189.0,1,2.0,12
SUSP_BOT_0005,True,Suspicious_Bot,0,14989.876153092322,90.30045875356821,50.0,319.67744092491296,3160.3391578125165,50.0,166.0,26239.876153092322,155.26553936741018,50.0,591.0236232207099,4450.0,50.0,3,166.0,1,2.0,11
SUSP_BOT_0006,True,Suspicious_Bot,0,39257.1831104207,171.4287472070773,100.0,576.9985576102066,6302.33023753848,100.0,229.0,70357.18311042071,301.96215927219185,100.0,1157.4757673742138,9700.0,100.0,4,229.0,1,2.0,15
SUSP_BOT_0007,True,Suspicious_Bot,0,30395.31507502496,141.3735584884882,75.0,560.414705497596,5257.290184796696,75.0,215.0,52520.315075024955,240.91887649094016,75.0,1011.5733900044663,7500.0,75.0,3,215.0,1,2.0,13
SUSP_CRYPTO_0000,True,Suspicious_CryptoLaunder,0,33255.29149981087,326.0322696059889,321.0,108.66722242202424,499.0,152.0,102.0,61321.29149981087,584.0122999981987,328.0,1600.7948889792826,11534.0,152.0,3,102.0,1,1.0,16
SUSP_CRYPTO_0001,True,Suspicious_CryptoLaunder,0,18058.74292836994,368.54577404836607,316.0,388.2274369944409,2933.9419448786784,137.80098349126177,49.0,35316.74292836994,692.4851554582341,316.0,1789.597838789145,11929.0,137.80098349126177,2,49.0,1,2.0,6
SUSP_CRYPTO_0002,True,Suspicious_CryptoLaunder,0,47876.06428453371,334.7976523393966,346.0,112.6527760459359,938.4209760124144,118.16430852740268,143.0,88811.06428453371,604.1568998947872,347.0,1657.2061396982729,12867.0,118.16430852740268,4,143.0,1,2.0,5
SUSP_CRYPTO_0003,True,Suspicious_CryptoLaunder,0,21313.48307587928,313.43357464528356,303.0,90.45140589312801,495.0,154.0,68.0,40028.48307587928,571.8354725125612,311.5,1557.9828898171045,11360.0,154.0,2,68.0,1,1.0,11
SUSP_CRYPTO_0004,True,Suspicious_CryptoLaunder,0,52770.392241077185,374.2581010005474,325.0,432.0980057287272,4266.324365038392,133.00030299630163,141.0,99721.39224107719,687.7337395936358,330.0,1934.5201671492368,13741.0,133.00030299630163,4,141.0,1,2.0,13
SUSP_CRYPTO_0005,True,Suspicious_CryptoLaunder,0,41604.43931597083,330.1939628251653,311.5,142.17029865382287,1357.0361454592337,145.3520059412499,126.0,76335.43931597083,587.1956870459294,323.0,1490.2702636665722,10499.0,145.3520059412499,4,126.0,1,2.0,11
SUSP_CRYPTO_0006,True,Suspicious_CryptoLaunder,0,37241.647090687744,348.05277654848356,358.0,99.01747847487135,499.0,116.64709068774118,107.0,70052.64709068774,631.1049287449346,366.0,1530.1008097900053,11689.0,116.64709068774118,4,107.0,1,1.0,7
SUSP_CRYPTO_0007,True,Suspicious_CryptoLaunder,0,30487.425941555855,346.4480220631347,311.5,276.11045361909305,2731.488715701888,148.93722585396608,88.0,59055.425941555855,656.1713993506206,321.0,2083.954102510429,14335.0,148.93722585396608,2,88.0,1,2.0,8
TOPO_FO_0000_ORIG,True,Topology_Fan-out,0,5738.0,1434.5,1434.0,1.0,1436.0,1434.0,4.0,11476.0,2295.2,1434.0,1924.5839030813909,5738.0,1434.0,1,4.0,1,4.0,1
TOPO_FO_0000_R00,True,Topology_Fan-out,0,0.0,0.0,0.0,0.0,0.0,0.0,0.0,1434.0,1434.0,1434.0,0.0,1434.0,1434.0,1,0.0,1,0.0,1
TOPO_FO_0000_R01,True,Topology_Fan-out,0,0.0,0.0,0.0,0.0,0.0,0.0,0.0,1434.0,1434.0,1434.0,0.0,1434.0,1434.0,1,0.0,1,0.0,1
TOPO_FO_0000_R02,True,Topology_Fan-out,0,0.0,0.0,0.0,0.0,0.0,0.0,0.0,1434.0,1434.0,1434.0,0.0,1434.0,1434.0,1,0.0,1,0.0,1
TOPO_FO_0000_R03,True,Topology_Fan-out,0,0.0,0.0,0.0,0.0,0.0,0.0,0.0,1436.0,1436.0,1436.0,0.0,1436.0,1436.0,1,0.0,1,0.0,1
TOPO_FO_0001_ORIG,True,Topology_Fan-out,0,10205.0,1457.857142857143,1457.0,2.2677868380553563,1463.0,1457.0,7.0,20410.0,2551.25,1457.0,3092.5827278460038,10205.0,1457.0,1,7.0,1,7.0,1
TOPO_FO_0001_R00,True,Topology_Fan-out,0,0.0,0.0,0.0,0.0,0.0,0.0,0.0,1457.0,1457.0,1457.0,0.0,1457.0,1457.0,1,0.0,1,0.0,1
TOPO_FO_0001_R01,True,Topology_Fan-out,0,0.0,0.0,0.0,0.0,0.0,0.0,0.0,1457.0,1457.0,1457.0,0.0,1457.0,1457.0,1,0.0,1,0.0,1
TOPO_FO_0001_R02,True,Topology_Fan-out,0,0.0,0.0,0.0,0.0,0.0,0.0,0.0,1457.0,1457.0,1457.0,0.0,1457.0,1457.0,1,0.0,1,0.0,1
TOPO_FO_0001_R03,True,Topology_Fan-out,0,0.0,0.0,0.0,0.0,0.0,0.0,0.0,1457.0,1457.0,1457.0,0.0,1457.0,1457.0,1,0.0,1,0.0,1
TOPO_FO_0001_R04,True,Topology_Fan-out,0,0.0,0.0,0.0,0.0,0.0,0.0,0.0,1457.0,1457.0,1457.0,0.0,1457.0,1457.0,1,0.0,1,0.0,1
TOPO_FO_0001_R05,True,Topology_Fan-out,0,0.0,0.0,0.0,0.0,0.0,0.0,0.0,1457.0,1457.0,1457.0,0.0,1457.0,1457.0,1,0.0,1,0.0,1
TOPO_FO_0001_R06,True,Topology_Fan-out,0,0.0,0.0,0.0,0.0,0.0,0.0,0.0,1463.0,1463.0,1463.0,0.0,1463.0,1463.0,1,0.0,1,0.0,1
TOPO_FO_0002_ORIG,True,Topology_Fan-out,0,17491.0,5830.333333333333,5830.0,0.5773502691897571,5831.0,5830.0,3.0,34982.0,8745.5,5830.5,5830.333352390753,17491.0,5830.0,1,3.0,1,3.0,1
TOPO_FO_0002_R00,True,Topology_Fan-out,0,0.0,0.0,0.0,0.0,0.0,0.0,0.0,5830.0,5830.0,5830.0,0.0,5830.0,5830.0,1,0.0,1,0.0,1
TOPO_FO_0002_R01,True,Topology_Fan-out,0,0.0,0.0,0.0,0.0,0.0,0.0,0.0,5830.0,5830.0,5830.0,0.0,5830.0,5830.0,1,0.0,1,0.0,1
TOPO_FO_0002_R02,True,Topology_Fan-out,0,0.0,0.0,0.0,0.0,0.0,0.0,0.0,5831.0,5831.0,5831.0,0.0,5831.0,5831.0,1,0.0,1,0.0,1
TOPO_FO_0003_ORIG,True,Topology_Fan-out,0,15428.0,2204.0,2204.0,0.0,2204.0,2204.0,7.0,30856.0,3857.0,2204.0,4675.390037205452,15428.0,2204.0,1,7.0,1,7.0,1
TOPO_FO_0003_R00,True,Topology_Fan-out,0,0.0,0.0,0.0,0.0,0.0,0.0,0.0,2204.0,2204.0,2204.0,0.0,2204.0,2204.0,1,0.0,1,0.0,1
TOPO_FO_0003_R01,True,Topology_Fan-out,0,0.0,0.0,0.0,0.0,0.0,0.0,0.0,2204.0,2204.0,2204.0,0.0,2204.0,2204.0,1,0.0,1,0.0,1
TOPO_FO_0003_R02,True,Topology_Fan-out,0,0.0,0.0,0.0,0.0,0.0,0.0,0.0,2204.0,2204.0,2204.0,0.0,2204.0,2204.0,1,0.0,1,0.0,1
TOPO_FO_0003_R03,True,Topology_Fan-out,0,0.0,0.0,0.0,0.0,0.0,0.0,0.0,2204.0,2204.0,2204.0,0.0,2204.0,2204.0,1,0.0,1,0.0,1
TOPO_FO_0003_R04,True,Topology_Fan-out,0,0.0,0.0,0.0,0.0,0.0,0.0,0.0,2204.0,2204.0,2204.0,0.0,2204.0,2204.0,1,0.0,1,0.0,1
TOPO_FO_0003_R05,True,Topology_Fan-out,0,0.0,0.0,0.0,0.0,0.0,0.0,0.0,2204.0,2204.0,2204.0,0.0,2204.0,2204.0,1,0.0,1,0.0,1
TOPO_FO_0003_R06,True,Topology_Fan-out,0,0.0,0.0,0.0,0.0,0.0,0.0,0.0,2204.0,2204.0,2204.0,0.0,2204.0,2204.0,1,0.0,1,0.0,1
TOPO_FO_0004_ORIG,True,Topology_Fan-out,0,6882.0,1376.4,1376.0,0.8944271909998904,1378.0,1376.0,5.0,13764.0,2294.0,1376.0,2247.651930348647,6882.0,1376.0,1,5.0,1,5.0,1
TOPO_FO_0004_R00,True,Topology_Fan-out,0,0.0,0.0,0.0,0.0,0.0,0.0,0.0,1376.0,1376.0,1376.0,0.0,1376.0,1376.0,1,0.0,1,0.0,1
TOPO_FO_0004_R01,True,Topology_Fan-out,0,0.0,0.0,0.0,0.0,0.0,0.0,0.0,1376.0,1376.0,1376.0,0.0,1376.0,1376.0,1,0.0,1,0.0,1
TOPO_FO_0004_R02,True,Topology_Fan-out,0,0.0,0.0,0.0,0.0,0.0,0.0,0.0,1376.0,1376.0,1376.0,0.0,1376.0,1376.0,1,0.0,1,0.0,1
TOPO_FO_0004_R03,True,Topology_Fan-out,0,0.0,0.0,0.0,0.0,0.0,0.0,0.0,1376.0,1376.0,1376.0,0.0,1376.0,1376.0,1,0.0,1,0.0,1
TOPO_FO_0004_R04,True,Topology_Fan-out,0,0.0,0.0,0.0,0.0,0.0,0.0,0.0,1378.0,1378.0,1378.0,0.0,1378.0,1378.0,1,0.0,1,0.0,1
TOPO_FO_0005_ORIG,True,Topology_Fan-out,0,18769.0,3753.8,3753.0,1.7888543819998444,3757.0,3753.0,5.0,37538.0,6256.333333333333,3753.0,6129.9299397845225,18769.0,3753.0,1,5.0,1,5.0,1
TOPO_FO_0005_R00,True,Topology_Fan-out,0,0.0,0.0,0.0,0.0,0.0,0.0,0.0,3753.0,3753.0,3753.0,0.0,3753.0,3753.0,1,0.0,1,0.0,1
TOPO_FO_0005_R01,True,Topology_Fan-out,0,0.0,0.0,0.0,0.0,0.0,0.0,0.0,3753.0,3753.0,3753.0,0.0,3753.0,3753.0,1,0.0,1,0.0,1
TOPO_FO_0005_R02,True,Topology_Fan-out,0,0.0,0.0,0.0,0.0,0.0,0.0,0.0,3753.0,3753.0,3753.0,0.0,3753.0,3753.0,1,0.0,1,0.0,1
TOPO_FO_0005_R03,True,Topology_Fan-out,0,0.0,0.0,0.0,0.0,0.0,0.0,0.0,3753.0,3753.0,3753.0,0.0,3753.0,3753.0,1,0.0,1,0.0,1
TOPO_FO_0005_R04,True,Topology_Fan-out,0,0.0,0.0,0.0,0.0,0.0,0.0,0.0,3757.0,3757.0,3757.0,0.0,3757.0,3757.0,1,0.0,1,0.0,1
TOPO_FI_0000_S00,True,Topology_Fan-in,0,1554.0,1554.0,1554.0,0.0,1554.0,1554.0,1.0,3108.0,1554.0,1554.0,0.0,1554.0,1554.0,1,1.0,1,1.0,1
TOPO_FI_0000_S01,True,Topology_Fan-in,0,2572.0,2572.0,2572.0,0.0,2572.0,2572.0,1.0,5144.0,2572.0,2572.0,0.0,2572.0,2572.0,1,1.0,1,1.0,1
TOPO_FI_0000_S02,True,Topology_Fan-in,0,2879.0,2879.0,2879.0,0.0,2879.0,2879.0,1.0,5758.0,2879.0,2879.0,0.0,2879.0,2879.0,1,1.0,1,1.0,1
TOPO_FI_0000_S03,True,Topology_Fan-in,0,1360.0,1360.0,1360.0,0.0,1360.0,1360.0,1.0,2720.0,1360.0,1360.0,0.0,1360.0,1360.0,1,1.0,1,1.0,1
TOPO_FI_0000_S04,True,Topology_Fan-in,0,2309.0,2309.0,2309.0,0.0,2309.0,2309.0,1.0,4618.0,2309.0,2309.0,0.0,2309.0,2309.0,1,1.0,1,1.0,1
TOPO_FI_0000_S05,True,Topology_Fan-in,0,1380.0,1380.0,1380.0,0.0,1380.0,1380.0,1.0,2760.0,1380.0,1380.0,0.0,1380.0,1380.0,1,1.0,1,1.0,1
TOPO_FI_0000_S06,True,Topology_Fan-in,0,1731.0,1731.0,1731.0,0.0,1731.0,1731.0,1.0,3462.0,1731.0,1731.0,0.0,1731.0,1731.0,1,1.0,1,1.0,1
TOPO_FI_0000_COLL,True,Topology_Fan-in,0,13785.0,13785.0,13785.0,0.0,13785.0,13785.0,1.0,27570.0,3446.25,2020.0,4215.8492704825885,13785.0,1360.0,7,1.0,7,1.0,1
TOPO_FI_0001_S00,True,Topology_Fan-in,0,3869.0,3869.0,3869.0,0.0,3869.0,3869.0,1.0,7738.0,3869.0,3869.0,0.0,3869.0,3869.0,1,1.0,1,1.0,1
TOPO_FI_0001_S01,True,Topology_Fan-in,0,3196.0,3196.0,3196.0,0.0,3196.0,3196.0,1.0,6392.0,3196.0,3196.0,0.0,3196.0,3196.0,1,1.0,1,1.0,1
TOPO_FI_0001_S02,True,Topology_Fan-in,0,3445.0,3445.0,3445.0,0.0,3445.0,3445.0,1.0,6890.0,3445.0,3445.0,0.0,3445.0,3445.0,1,1.0,1,1.0,1
TOPO_FI_0001_S03,True,Topology_Fan-in,0,2427.0,2427.0,2427.0,0.0,2427.0,2427.0,1.0,4854.0,2427.0,2427.0,0.0,2427.0,2427.0,1,1.0,1,1.0,1
TOPO_FI_0001_COLL,True,Topology_Fan-in,0,12937.0,12937.0,12937.0,0.0,12937.0,12937.0,1.0,25874.0,5174.8,3445.0,4370.7872517431,12937.0,2427.0,4,1.0,4,1.0,1
TOPO_FI_0002_S00,True,Topology_Fan-in,0,3560.0,3560.0,3560.0,0.0,3560.0,3560.0,1.0,7120.0,3560.0,3560.0,0.0,3560.0,3560.0,1,1.0,1,1.0,1
TOPO_FI_0002_S01,True,Topology_Fan-in,0,1977.0,1977.0,1977.0,0.0,1977.0,1977.0,1.0,3954.0,1977.0,1977.0,0.0,1977.0,1977.0,1,1.0,1,1.0,1
TOPO_FI_0002_S02,True,Topology_Fan-in,0,1637.0,1637.0,1637.0,0.0,1637.0,1637.0,1.0,3274.0,1637.0,1637.0,0.0,1637.0,1637.0,1,1.0,1,1.0,1
TOPO_FI_0002_S03,True,Topology_Fan-in,0,1333.0,1333.0,1333.0,0.0,1333.0,1333.0,1.0,2666.0,1333.0,1333.0,0.0,1333.0,1333.0,1,1.0,1,1.0,1
TOPO_FI_0002_S04,True,Topology_Fan-in,0,3322.0,3322.0,3322.0,0.0,3322.0,3322.0,1.0,6644.0,3322.0,3322.0,0.0,3322.0,3322.0,1,1.0,1,1.0,1
TOPO_FI_0002_S05,True,Topology_Fan-in,0,3522.0,3522.0,3522.0,0.0,3522.0,3522.0,1.0,7044.0,3522.0,3522.0,0.0,3522.0,3522.0,1,1.0,1,1.0,1
TOPO_FI_0002_S06,True,Topology_Fan-in,0,3547.0,3547.0,3547.0,0.0,3547.0,3547.0,1.0,7094.0,3547.0,3547.0,0.0,3547.0,3547.0,1,1.0,1,1.0,1
TOPO_FI_0002_COLL,True,Topology_Fan-in,0,18898.0,18898.0,18898.0,0.0,18898.0,18898.0,1.0,37796.0,4724.5,3422.0,5801.81456836689,18898.0,1333.0,7,1.0,7,1.0,1
TOPO_FI_0003_S00,True,Topology_Fan-in,0,3547.0,3547.0,3547.0,0.0,3547.0,3547.0,1.0,7094.0,3547.0,3547.0,0.0,3547.0,3547.0,1,1.0,1,1.0,1
TOPO_FI_0003_S01,True,Topology_Fan-in,0,3476.0,3476.0,3476.0,0.0,3476.0,3476.0,1.0,6952.0,3476.0,3476.0,0.0,3476.0,3476.0,1,1.0,1,1.0,1
TOPO_FI_0003_S02,True,Topology_Fan-in,0,3281.0,3281.0,3281.0,0.0,3281.0,3281.0,1.0,6562.0,3281.0,3281.0,0.0,3281.0,3281.0,1,1.0,1,1.0,1
TOPO_FI_0003_S03,True,Topology_Fan-in,0,2008.0,2008.0,2008.0,0.0,2008.0,2008.0,1.0,4016.0,2008.0,2008.0,0.0,2008.0,2008.0,1,1.0,1,1.0,1
TOPO_FI_0003_S04,True,Topology_Fan-in,0,2056.0,2056.0,2056.0,0.0,2056.0,2056.0,1.0,4112.0,2056.0,2056.0,0.0,2056.0,2056.0,1,1.0,1,1.0,1
TOPO_FI_0003_COLL,True,Topology_Fan-in,0,14368.0,14368.0,14368.0,0.0,14368.0,14368.0,1.0,28736.0,4789.333333333333,3378.5,4743.4394131965755,14368.0,2008.0,5,1.0,5,1.0,1
TOPO_FI_0004_S00,True,Topology_Fan-in,0,3025.0,3025.0,3025.0,0.0,3025.0,3025.0,1.0,6050.0,3025.0,3025.0,0.0,3025.0,3025.0,1,1.0,1,1.0,1
TOPO_FI_0004_S01,True,Topology_Fan-in,0,3662.0,3662.0,3662.0,0.0,3662.0,3662.0,1.0,7324.0,3662.0,3662.0,0.0,3662.0,3662.0,1,1.0,1,1.0,1
TOPO_FI_0004_S02,True,Topology_Fan-in,0,3747.0,3747.0,3747.0,0.0,3747.0,3747.0,1.0,7494.0,3747.0,3747.0,0.0,3747.0,3747.0,1,1.0,1,1.0,1
TOPO_FI_0004_S03,True,Topology_Fan-in,0,1839.0,1839.0,1839.0,0.0,1839.0,1839.0,1.0,3678.0,1839.0,1839.0,0.0,1839.0,1839.0,1,1.0,1,1.0,1
TOPO_FI_0004_S04,True,Topology_Fan-in,0,1746.0,1746.0,1746.0,0.0,1746.0,1746.0,1.0,3492.0,1746.0,1746.0,0.0,1746.0,1746.0,1,1.0,1,1.0,1
TOPO_FI_0004_COLL,True,Topology_Fan-in,0,14019.0,14019.0,14019.0,0.0,14019.0,14019.0,1.0,28038.0,4673.0,3343.5,4659.229592969206,14019.0,1746.0,5,1.0,5,1.0,1
TOPO_FI_0005_S00,True,Topology_Fan-in,0,3354.0,3354.0,3354.0,0.0,3354.0,3354.0,1.0,6708.0,3354.0,3354.0,0.0,3354.0,3354.0,1,1.0,1,1.0,1
TOPO_FI_0005_S01,True,Topology_Fan-in,0,1313.0,1313.0,1313.0,0.0,1313.0,1313.0,1.0,2626.0,1313.0,1313.0,0.0,1313.0,1313.0,1,1.0,1,1.0,1
TOPO_FI_0005_S02,True,Topology_Fan-in,0,1833.0,1833.0,1833.0,0.0,1833.0,1833.0,1.0,3666.0,1833.0,1833.0,0.0,1833.0,1833.0,1,1.0,1,1.0,1
TOPO_FI_0005_S03,True,Topology_Fan-in,0,3176.0,3176.0,3176.0,0.0,3176.0,3176.0,1.0,6352.0,3176.0,3176.0,0.0,3176.0,3176.0,1,1.0,1,1.0,1
TOPO_FI_0005_S04,True,Topology_Fan-in,0,1109.0,1109.0,1109.0,0.0,1109.0,1109.0,1.0,2218.0,1109.0,1109.0,0.0,1109.0,1109.0,1,1.0,1,1.0,1
TOPO_FI_0005_COLL,True,Topology_Fan-in,0,10785.0,10785.0,10785.0,0.0,10785.0,10785.0,1.0,21570.0,3595.0,2504.5,3644.7799933603674,10785.0,1109.0,5,1.0,5,1.0,1
TOPO_SG_0000_ORIG,True,Topology_Scatter-Gather,0,10026.0,1671.0,1671.0,0.0,1671.0,1671.0,6.0,20055.0,2865.0,1671.0,3159.0270654111214,10029.0,1671.0,1,6.0,1,6.0,1
TOPO_SG_0000_M00,True,Topology_Scatter-Gather,0,1671.0,1671.0,1671.0,0.0,1671.0,1671.0,1.0,3342.0,1671.0,1671.0,0.0,1671.0,1671.0,1,1.0,1,1.0,1
TOPO_SG_0000_M01,True,Topology_Scatter-Gather,0,1671.0,1671.0,1671.0,0.0,1671.0,1671.0,1.0,3342.0,1671.0,1671.0,0.0,1671.0,1671.0,1,1.0,1,1.0,1
TOPO_SG_0000_M02,True,Topology_Scatter-Gather,0,1671.0,1671.0,1671.0,0.0,1671.0,1671.0,1.0,3342.0,1671.0,1671.0,0.0,1671.0,1671.0,1,1.0,1,1.0,1
TOPO_SG_0000_M03,True,Topology_Scatter-Gather,0,1671.0,1671.0,1671.0,0.0,1671.0,1671.0,1.0,3342.0,1671.0,1671.0,0.0,1671.0,1671.0,1,1.0,1,1.0,1
TOPO_SG_0000_M04,True,Topology_Scatter-Gather,0,1671.0,1671.0,1671.0,0.0,1671.0,1671.0,1.0,3342.0,1671.0,1671.0,0.0,1671.0,1671.0,1,1.0,1,1.0,1
TOPO_SG_0000_M05,True,Topology_Scatter-Gather,0,1671.0,1671.0,1671.0,0.0,1671.0,1671.0,1.0,3342.0,1671.0,1671.0,0.0,1671.0,1671.0,1,1.0,1,1.0,1
TOPO_SG_0000_COLL,True,Topology_Scatter-Gather,0,10029.0,10029.0,10029.0,0.0,10029.0,10029.0,1.0,20055.0,2865.0,1671.0,3159.0270654111214,10029.0,1671.0,6,1.0,6,1.0,1
TOPO_SG_0001_ORIG,True,Topology_Scatter-Gather,0,14874.0,2479.0,2479.0,0.0,2479.0,2479.0,6.0,29748.0,4249.714285714285,2479.0,4684.869642949371,14874.0,2479.0,1,6.0,1,6.0,1
TOPO_SG_0001_M00,True,Topology_Scatter-Gather,0,2479.0,2479.0,2479.0,0.0,2479.0,2479.0,1.0,4958.0,2479.0,2479.0,0.0,2479.0,2479.0,1,1.0,1,1.0,1
TOPO_SG_0001_M01,True,Topology_Scatter-Gather,0,2479.0,2479.0,2479.0,0.0,2479.0,2479.0,1.0,4958.0,2479.0,2479.0,0.0,2479.0,2479.0,1,1.0,1,1.0,1
TOPO_SG_0001_M02,True,Topology_Scatter-Gather,0,2479.0,2479.0,2479.0,0.0,2479.0,2479.0,1.0,4958.0,2479.0,2479.0,0.0,2479.0,2479.0,1,1.0,1,1.0,1
TOPO_SG_0001_M03,True,Topology_Scatter-Gather,0,2479.0,2479.0,2479.0,0.0,2479.0,2479.0,1.0,4958.0,2479.0,2479.0,0.0,2479.0,2479.0,1,1.0,1,1.0,1
TOPO_SG_0001_M04,True,Topology_Scatter-Gather,0,2479.0,2479.0,2479.0,0.0,2479.0,2479.0,1.0,4958.0,2479.0,2479.0,0.0,2479.0,2479.0,1,1.0,1,1.0,1
TOPO_SG_0001_M05,True,Topology_Scatter-Gather,0,2479.0,2479.0,2479.0,0.0,2479.0,2479.0,1.0,4958.0,2479.0,2479.0,0.0,2479.0,2479.0,1,1.0,1,1.0,1
TOPO_SG_0001_COLL,True,Topology_Scatter-Gather,0,14874.0,14874.0,14874.0,0.0,14874.0,14874.0,1.0,29748.0,4249.714285714285,2479.0,4684.869642949371,14874.0,2479.0,6,1.0,6,1.0,1
TOPO_SG_0002_ORIG,True,Topology_Scatter-Gather,0,22476.0,3746.0,3746.0,0.0,3746.0,3746.0,6.0,44953.0,6421.857142857143,3746.0,7079.652543935835,22477.0,3746.0,1,6.0,1,6.0,1
TOPO_SG_0002_M00,True,Topology_Scatter-Gather,0,3746.0,3746.0,3746.0,0.0,3746.0,3746.0,1.0,7492.0,3746.0,3746.0,0.0,3746.0,3746.0,1,1.0,1,1.0,1
TOPO_SG_0002_M01,True,Topology_Scatter-Gather,0,3746.0,3746.0,3746.0,0.0,3746.0,3746.0,1.0,7492.0,3746.0,3746.0,0.0,3746.0,3746.0,1,1.0,1,1.0,1
TOPO_SG_0002_M02,True,Topology_Scatter-Gather,0,3746.0,3746.0,3746.0,0.0,3746.0,3746.0,1.0,7492.0,3746.0,3746.0,0.0,3746.0,3746.0,1,1.0,1,1.0,1
TOPO_SG_0002_M03,True,Topology_Scatter-Gather,0,3746.0,3746.0,3746.0,0.0,3746.0,3746.0,1.0,7492.0,3746.0,3746.0,0.0,3746.0,3746.0,1,1.0,1,1.0,1
TOPO_SG_0002_M04,True,Topology_Scatter-Gather,0,3746.0,3746.0,3746.0,0.0,3746.0,3746.0,1.0,7492.0,3746.0,3746.0,0.0,3746.0,3746.0,1,1.0,1,1.0,1
TOPO_SG_0002_M05,True,Topology_Scatter-Gather,0,3746.0,3746.0,3746.0,0.0,3746.0,3746.0,1.0,7492.0,3746.0,3746.0,0.0,3746.0,3746.0,1,1.0,1,1.0,1
TOPO_SG_0002_COLL,True,Topology_Scatter-Gather,0,22477.0,22477.0,22477.0,0.0,22477.0,22477.0,1.0,44953.0,6421.857142857143,3746.0,7079.652543935835,22477.0,3746.0,6,1.0,6,1.0,1
TOPO_SG_0003_ORIG,True,Topology_Scatter-Gather,0,23436.0,3906.0,3906.0,0.0,3906.0,3906.0,6.0,46872.0,6696.0,3906.0,7381.646157870207,23436.0,3906.0,1,6.0,1,6.0,1
TOPO_SG_0003_M00,True,Topology_Scatter-Gather,0,3906.0,3906.0,3906.0,0.0,3906.0,3906.0,1.0,7812.0,3906.0,3906.0,0.0,3906.0,3906.0,1,1.0,1,1.0,1
TOPO_SG_0003_M01,True,Topology_Scatter-Gather,0,3906.0,3906.0,3906.0,0.0,3906.0,3906.0,1.0,7812.0,3906.0,3906.0,0.0,3906.0,3906.0,1,1.0,1,1.0,1
TOPO_SG_0003_M02,True,Topology_Scatter-Gather,0,3906.0,3906.0,3906.0,0.0,3906.0,3906.0,1.0,7812.0,3906.0,3906.0,0.0,3906.0,3906.0,1,1.0,1,1.0,1
TOPO_SG_0003_M03,True,Topology_Scatter-Gather,0,3906.0,3906.0,3906.0,0.0,3906.0,3906.0,1.0,7812.0,3906.0,3906.0,0.0,3906.0,3906.0,1,1.0,1,1.0,1
TOPO_SG_0003_M04,True,Topology_Scatter-Gather,0,3906.0,3906.0,3906.0,0.0,3906.0,3906.0,1.0,7812.0,3906.0,3906.0,0.0,3906.0,3906.0,1,1.0,1,1.0,1
TOPO_SG_0003_M05,True,Topology_Scatter-Gather,0,3906.0,3906.0,3906.0,0.0,3906.0,3906.0,1.0,7812.0,3906.0,3906.0,0.0,3906.0,3906.0,1,1.0,1,1.0,1
TOPO_SG_0003_COLL,True,Topology_Scatter-Gather,0,23436.0,23436.0,23436.0,0.0,23436.0,23436.0,1.0,46872.0,6696.0,3906.0,7381.646157870207,23436.0,3906.0,6,1.0,6,1.0,1
TOPO_SG_0004_ORIG,True,Topology_Scatter-Gather,0,13315.0,2663.0,2663.0,0.0,2663.0,2663.0,5.0,26632.0,4438.666666666667,2663.0,4349.477286601997,13317.0,2663.0,1,5.0,1,5.0,1
TOPO_SG_0004_M00,True,Topology_Scatter-Gather,0,2663.0,2663.0,2663.0,0.0,2663.0,2663.0,1.0,5326.0,2663.0,2663.0,0.0,2663.0,2663.0,1,1.0,1,1.0,1
TOPO_SG_0004_M01,True,Topology_Scatter-Gather,0,2663.0,2663.0,2663.0,0.0,2663.0,2663.0,1.0,5326.0,2663.0,2663.0,0.0,2663.0,2663.0,1,1.0,1,1.0,1
TOPO_SG_0004_M02,True,Topology_Scatter-Gather,0,2663.0,2663.0,2663.0,0.0,2663.0,2663.0,1.0,5326.0,2663.0,2663.0,0.0,2663.0,2663.0,1,1.0,1,1.0,1
TOPO_SG_0004_M03,True,Topology_Scatter-Gather,0,2663.0,2663.0,2663.0,0.0,2663.0,2663.0,1.0,5326.0,2663.0,2663.0,0.0,2663.0,2663.0,1,1.0,1,1.0,1
TOPO_SG_0004_M04,True,Topology_Scatter-Gather,0,2663.0,2663.0,2663.0,0.0,2663.0,2663.0,1.0,5326.0,2663.0,2663.0,0.0,2663.0,2663.0,1,1.0,1,1.0,1
TOPO_SG_0004_COLL,True,Topology_Scatter-Gather,0,13317.0,13317.0,13317.0,0.0,13317.0,13317.0,1.0,26632.0,4438.666666666667,2663.0,4349.477286601997,13317.0,2663.0,5,1.0,5,1.0,1
TOPO_GS_0000_SRC00,True,Topology_Gather-Scatter,0,4701.0,4701.0,4701.0,0.0,4701.0,4701.0,1.0,9402.0,4701.0,4701.0,0.0,4701.0,4701.0,1,1.0,1,1.0,1
TOPO_GS_0000_SRC01,True,Topology_Gather-Scatter,0,4033.0,4033.0,4033.0,0.0,4033.0,4033.0,1.0,8066.0,4033.0,4033.0,0.0,4033.0,4033.0,1,1.0,1,1.0,1
TOPO_GS_0000_SRC02,True,Topology_Gather-Scatter,0,4918.0,4918.0,4918.0,0.0,4918.0,4918.0,1.0,9836.0,4918.0,4918.0,0.0,4918.0,4918.0,1,1.0,1,1.0,1
TOPO_GS_0000_HUB,True,Topology_Gather-Scatter,0,13650.0,4550.0,4550.0,0.0,4550.0,4550.0,3.0,27302.0,4550.333333333333,4550.0,291.7236134882925,4918.0,4033.0,3,3.0,3,3.0,1
TOPO_GS_0000_TGT00,True,Topology_Gather-Scatter,0,0.0,0.0,0.0,0.0,0.0,0.0,0.0,4550.0,4550.0,4550.0,0.0,4550.0,4550.0,1,0.0,1,0.0,1
TOPO_GS_0000_TGT01,True,Topology_Gather-Scatter,0,0.0,0.0,0.0,0.0,0.0,0.0,0.0,4550.0,4550.0,4550.0,0.0,4550.0,4550.0,1,0.0,1,0.0,1
TOPO_GS_0000_TGT02,True,Topology_Gather-Scatter,0,0.0,0.0,0.0,0.0,0.0,0.0,0.0,4550.0,4550.0,4550.0,0.0,4550.0,4550.0,1,0.0,1,0.0,1
TOPO_GS_0001_SRC00,True,Topology_Gather-Scatter,0,4588.0,4588.0,4588.0,0.0,4588.0,4588.0,1.0,9176.0,4588.0,4588.0,0.0,4588.0,4588.0,1,1.0,1,1.0,1
TOPO_GS_0001_SRC01,True,Topology_Gather-Scatter,0,4093.0,4093.0,4093.0,0.0,4093.0,4093.0,1.0,8186.0,4093.0,4093.0,0.0,4093.0,4093.0,1,1.0,1,1.0,1
TOPO_GS_0001_SRC02,True,Topology_Gather-Scatter,0,3324.0,3324.0,3324.0,0.0,3324.0,3324.0,1.0,6648.0,3324.0,3324.0,0.0,3324.0,3324.0,1,1.0,1,1.0,1
TOPO_GS_0001_SRC03,True,Topology_Gather-Scatter,0,3955.0,3955.0,3955.0,0.0,3955.0,3955.0,1.0,7910.0,3955.0,3955.0,0.0,3955.0,3955.0,1,1.0,1,1.0,1
TOPO_GS_0001_SRC04,True,Topology_Gather-Scatter,0,2139.0,2139.0,2139.0,0.0,2139.0,2139.0,1.0,4278.0,2139.0,2139.0,0.0,2139.0,2139.0,1,1.0,1,1.0,1
TOPO_GS_0001_HUB,True,Topology_Gather-Scatter,0,18098.0,9049.0,9049.0,0.0,9049.0,9049.0,2.0,36197.0,5171.0,4093.0,2758.7083330186733,9049.0,2139.0,5,2.0,5,2.0,1
TOPO_GS_0001_TGT00,True,Topology_Gather-Scatter,0,0.0,0.0,0.0,0.0,0.0,0.0,0.0,9049.0,9049.0,9049.0,0.0,9049.0,9049.0,1,0.0,1,0.0,1
TOPO_GS_0001_TGT01,True,Topology_Gather-Scatter,0,0.0,0.0,0.0,0.0,0.0,0.0,0.0,9049.0,9049.0,9049.0,0.0,9049.0,9049.0,1,0.0,1,0.0,1
TOPO_GS_0002_SRC00,True,Topology_Gather-Scatter,0,3453.0,3453.0,3453.0,0.0,3453.0,3453.0,1.0,6906.0,3453.0,3453.0,0.0,3453.0,3453.0,1,1.0,1,1.0,1
TOPO_GS_0002_SRC01,True,Topology_Gather-Scatter,0,1604.0,1604.0,1604.0,0.0,1604.0,1604.0,1.0,3208.0,1604.0,1604.0,0.0,1604.0,1604.0,1,1.0,1,1.0,1
TOPO_GS_0002_HUB,True,Topology_Gather-Scatter,0,5055.0,1011.0,1011.0,0.0,1011.0,1011.0,5.0,10112.0,1444.5714285714287,1011.0,912.7909320946859,3453.0,1011.0,2,5.0,2,5.0,1
TOPO_GS_0002_TGT00,True,Topology_Gather-Scatter,0,0.0,0.0,0.0,0.0,0.0,0.0,0.0,1011.0,1011.0,1011.0,0.0,1011.0,1011.0,1,0.0,1,0.0,1
TOPO_GS_0002_TGT01,True,Topology_Gather-Scatter,0,0.0,0.0,0.0,0.0,0.0,0.0,0.0,1011.0,1011.0,1011.0,0.0,1011.0,1011.0,1,0.0,1,0.0,1
TOPO_GS_0002_TGT02,True,Topology_Gather-Scatter,0,0.0,0.0,0.0,0.0,0.0,0.0,0.0,1011.0,1011.0,1011.0,0.0,1011.0,1011.0,1,0.0,1,0.0,1
TOPO_GS_0002_TGT03,True,Topology_Gather-Scatter,0,0.0,0.0,0.0,0.0,0.0,0.0,0.0,1011.0,1011.0,1011.0,0.0,1011.0,1011.0,1,0.0,1,0.0,1
TOPO_GS_0002_TGT04,True,Topology_Gather-Scatter,0,0.0,0.0,0.0,0.0,0.0,0.0,0.0,1011.0,1011.0,1011.0,0.0,1011.0,1011.0,1,0.0,1,0.0,1
TOPO_GS_0003_SRC00,True,Topology_Gather-Scatter,0,4833.0,4833.0,4833.0,0.0,4833.0,4833.0,1.0,9666.0,4833.0,4833.0,0.0,4833.0,4833.0,1,1.0,1,1.0,1
TOPO_GS_0003_SRC01,True,Topology_Gather-Scatter,0,2843.0,2843.0,2843.0,0.0,2843.0,2843.0,1.0,5686.0,2843.0,2843.0,0.0,2843.0,2843.0,1,1.0,1,1.0,1
TOPO_GS_0003_SRC02,True,Topology_Gather-Scatter,0,4712.0,4712.0,4712.0,0.0,4712.0,4712.0,1.0,9424.0,4712.0,4712.0,0.0,4712.0,4712.0,1,1.0,1,1.0,1
TOPO_GS_0003_SRC03,True,Topology_Gather-Scatter,0,2133.0,2133.0,2133.0,0.0,2133.0,2133.0,1.0,4266.0,2133.0,2133.0,0.0,2133.0,2133.0,1,1.0,1,1.0,1
TOPO_GS_0003_HUB,True,Topology_Gather-Scatter,0,14520.0,2904.0,2904.0,0.0,2904.0,2904.0,5.0,29041.0,3226.777777777778,2904.0,911.7563788888151,4833.0,2133.0,4,5.0,4,5.0,1
TOPO_GS_0003_TGT00,True,Topology_Gather-Scatter,0,0.0,0.0,0.0,0.0,0.0,0.0,0.0,2904.0,2904.0,2904.0,0.0,2904.0,2904.0,1,0.0,1,0.0,1
TOPO_GS_0003_TGT01,True,Topology_Gather-Scatter,0,0.0,0.0,0.0,0.0,0.0,0.0,0.0,2904.0,2904.0,2904.0,0.0,2904.0,2904.0,1,0.0,1,0.0,1
TOPO_GS_0003_TGT02,True,Topology_Gather-Scatter,0,0.0,0.0,0.0,0.0,0.0,0.0,0.0,2904.0,2904.0,2904.0,0.0,2904.0,2904.0,1,0.0,1,0.0,1
TOPO_GS_0003_TGT03,True,Topology_Gather-Scatter,0,0.0,0.0,0.0,0.0,0.0,0.0,0.0,2904.0,2904.0,2904.0,0.0,2904.0,2904.0,1,0.0,1,0.0,1
TOPO_GS_0003_TGT04,True,Topology_Gather-Scatter,0,0.0,0.0,0.0,0.0,0.0,0.0,0.0,2904.0,2904.0,2904.0,0.0,2904.0,2904.0,1,0.0,1,0.0,1
TOPO_GS_0004_SRC00,True,Topology_Gather-Scatter,0,2522.0,2522.0,2522.0,0.0,2522.0,2522.0,1.0,5044.0,2522.0,2522.0,0.0,2522.0,2522.0,1,1.0,1,1.0,1
TOPO_GS_0004_SRC01,True,Topology_Gather-Scatter,0,2246.0,2246.0,2246.0,0.0,2246.0,2246.0,1.0,4492.0,2246.0,2246.0,0.0,2246.0,2246.0,1,1.0,1,1.0,1
TOPO_GS_0004_SRC02,True,Topology_Gather-Scatter,0,3893.0,3893.0,3893.0,0.0,3893.0,3893.0,1.0,7786.0,3893.0,3893.0,0.0,3893.0,3893.0,1,1.0,1,1.0,1
TOPO_GS_0004_SRC03,True,Topology_Gather-Scatter,0,2299.0,2299.0,2299.0,0.0,2299.0,2299.0,1.0,4598.0,2299.0,2299.0,0.0,2299.0,2299.0,1,1.0,1,1.0,1
TOPO_GS_0004_SRC04,True,Topology_Gather-Scatter,0,1580.0,1580.0,1580.0,0.0,1580.0,1580.0,1.0,3160.0,1580.0,1580.0,0.0,1580.0,1580.0,1,1.0,1,1.0,1
TOPO_GS_0004_HUB,True,Topology_Gather-Scatter,0,12540.0,3135.0,3135.0,0.0,3135.0,3135.0,4.0,25080.0,2786.6666666666665,3135.0,686.0712426563293,3893.0,1580.0,5,4.0,5,4.0,1
TOPO_GS_0004_TGT00,True,Topology_Gather-Scatter,0,0.0,0.0,0.0,0.0,0.0,0.0,0.0,3135.0,3135.0,3135.0,0.0,3135.0,3135.0,1,0.0,1,0.0,1
TOPO_GS_0004_TGT01,True,Topology_Gather-Scatter,0,0.0,0.0,0.0,0.0,0.0,0.0,0.0,3135.0,3135.0,3135.0,0.0,3135.0,3135.0,1,0.0,1,0.0,1
TOPO_GS_0004_TGT02,True,Topology_Gather-Scatter,0,0.0,0.0,0.0,0.0,0.0,0.0,0.0,3135.0,3135.0,3135.0,0.0,3135.0,3135.0,1,0.0,1,0.0,1
TOPO_GS_0004_TGT03,True,Topology_Gather-Scatter,0,0.0,0.0,0.0,0.0,0.0,0.0,0.0,3135.0,3135.0,3135.0,0.0,3135.0,3135.0,1,0.0,1,0.0,1
TOPO_CYC_0000_N00,True,Topology_Cycle,0,34610.0,6922.0,6922.0,0.0,6922.0,6922.0,5.0,69220.0,6922.0,6922.0,0.0,6922.0,6922.0,5,5.0,2,2.0,1
TOPO_CYC_0000_N01,True,Topology_Cycle,0,27688.0,6922.0,6922.0,0.0,6922.0,6922.0,4.0,55376.0,6922.0,6922.0,0.0,6922.0,6922.0,4,4.0,1,1.0,1
TOPO_CYC_0000_N02,True,Topology_Cycle,0,27688.0,6922.0,6922.0,0.0,6922.0,6922.0,4.0,55376.0,6922.0,6922.0,0.0,6922.0,6922.0,4,4.0,1,1.0,1
TOPO_CYC_0000_N03,True,Topology_Cycle,0,27688.0,6922.0,6922.0,0.0,6922.0,6922.0,4.0,55376.0,6922.0,6922.0,0.0,6922.0,6922.0,4,4.0,1,1.0,1
TOPO_CYC_0000_N04,True,Topology_Cycle,0,27688.0,6922.0,6922.0,0.0,6922.0,6922.0,4.0,55376.0,6922.0,6922.0,0.0,6922.0,6922.0,4,4.0,1,1.0,1
TOPO_CYC_0001_N00,True,Topology_Cycle,0,29705.0,5941.0,5941.0,0.0,5941.0,5941.0,5.0,59410.0,5941.0,5941.0,0.0,5941.0,5941.0,5,5.0,2,2.0,1
TOPO_CYC_0001_N01,True,Topology_Cycle,0,23764.0,5941.0,5941.0,0.0,5941.0,5941.0,4.0,47528.0,5941.0,5941.0,0.0,5941.0,5941.0,4,4.0,1,1.0,1
TOPO_CYC_0001_N02,True,Topology_Cycle,0,23764.0,5941.0,5941.0,0.0,5941.0,5941.0,4.0,47528.0,5941.0,5941.0,0.0,5941.0,5941.0,4,4.0,1,1.0,1
TOPO_CYC_0002_N00,True,Topology_Cycle,0,20529.0,6843.0,6843.0,0.0,6843.0,6843.0,3.0,41058.0,6843.0,6843.0,0.0,6843.0,6843.0,3,3.0,2,2.0,1
TOPO_CYC_0002_N01,True,Topology_Cycle,0,13686.0,6843.0,6843.0,0.0,6843.0,6843.0,2.0,27372.0,6843.0,6843.0,0.0,6843.0,6843.0,2,2.0,1,1.0,1
TOPO_CYC_0002_N02,True,Topology_Cycle,0,13686.0,6843.0,6843.0,0.0,6843.0,6843.0,2.0,27372.0,6843.0,6843.0,0.0,6843.0,6843.0,2,2.0,1,1.0,1
TOPO_CYC_0002_N03,True,Topology_Cycle,0,13686.0,6843.0,6843.0,0.0,6843.0,6843.0,2.0,27372.0,6843.0,6843.0,0.0,6843.0,6843.0,2,2.0,1,1.0,1
TOPO_CYC_0002_N04,True,Topology_Cycle,0,13686.0,6843.0,6843.0,0.0,6843.0,6843.0,2.0,27372.0,6843.0,6843.0,0.0,6843.0,6843.0,2,2.0,1,1.0,1
TOPO_CYC_0003_N00,True,Topology_Cycle,0,22323.0,7441.0,7441.0,0.0,7441.0,7441.0,3.0,44646.0,7441.0,7441.0,0.0,7441.0,7441.0,3,3.0,2,2.0,1
TOPO_CYC_0003_N01,True,Topology_Cycle,0,14882.0,7441.0,7441.0,0.0,7441.0,7441.0,2.0,29764.0,7441.0,7441.0,0.0,7441.0,7441.0,2,2.0,1,1.0,1
TOPO_CYC_0003_N02,True,Topology_Cycle,0,14882.0,7441.0,7441.0,0.0,7441.0,7441.0,2.0,29764.0,7441.0,7441.0,0.0,7441.0,7441.0,2,2.0,1,1.0,1
TOPO_CYC_0003_N03,True,Topology_Cycle,0,14882.0,7441.0,7441.0,0.0,7441.0,7441.0,2.0,29764.0,7441.0,7441.0,0.0,7441.0,7441.0,2,2.0,1,1.0,1
TOPO_CYC_0003_N04,True,Topology_Cycle,0,14882.0,7441.0,7441.0,0.0,7441.0,7441.0,2.0,29764.0,7441.0,7441.0,0.0,7441.0,7441.0,2,2.0,1,1.0,1
TOPO_CYC_0004_N00,True,Topology_Cycle,0,14588.0,3647.0,3647.0,0.0,3647.0,3647.0,4.0,29176.0,3647.0,3647.0,0.0,3647.0,3647.0,4,4.0,2,2.0,1
TOPO_CYC_0004_N01,True,Topology_Cycle,0,10941.0,3647.0,3647.0,0.0,3647.0,3647.0,3.0,21882.0,3647.0,3647.0,0.0,3647.0,3647.0,3,3.0,1,1.0,1
TOPO_CYC_0004_N02,True,Topology_Cycle,0,10941.0,3647.0,3647.0,0.0,3647.0,3647.0,3.0,21882.0,3647.0,3647.0,0.0,3647.0,3647.0,3,3.0,1,1.0,1
TOPO_CYC_0004_N03,True,Topology_Cycle,0,10941.0,3647.0,3647.0,0.0,3647.0,3647.0,3.0,21882.0,3647.0,3647.0,0.0,3647.0,3647.0,3,3.0,1,1.0,1
TOPO_CYC_0004_N04,True,Topology_Cycle,0,10941.0,3647.0,3647.0,0.0,3647.0,3647.0,3.0,21882.0,3647.0,3647.0,0.0,3647.0,3647.0,3,3.0,1,1.0,1
TOPO_BI_0000_L00,True,Topology_Bipartite,0,5356.0,1785.3333333333333,1853.0,227.18788113218835,1971.0,1532.0,3.0,12792.0,2132.0,1775.5,1118.6128910396124,4372.0,1366.0,3,3.0,3,2.0,1
TOPO_BI_0000_L01,True,Topology_Bipartite,0,3139.0,1046.3333333333333,1015.0,274.34528123030174,1335.0,789.0,3.0,9003.0,1800.6,1335.0,1255.2986895555973,3903.0,789.0,2,3.0,2,1.0,1
TOPO_BI_0000_L02,True,Topology_Bipartite,0,4493.0,1497.6666666666667,1493.0,311.0262582698337,1811.0,1189.0,3.0,7808.0,1561.6,1493.0,727.2625385649944,2630.0,685.0,2,3.0,2,1.0,1
TOPO_BI_0000_L03,True,Topology_Bipartite,0,3535.0,1178.3333333333333,1066.0,677.520725390252,1905.0,564.0,3.0,9471.0,1578.5,1406.5,1036.1499408869356,3400.0,564.0,3,3.0,3,1.0,1
TOPO_BI_0000_R00,True,Topology_Bipartite,0,8698.0,2174.5,1854.0,997.1728369077582,3624.0,1366.0,4.0,18183.0,1653.0,1493.0,750.4288107475618,3624.0,789.0,7,4.0,3,4.0,1
TOPO_BI_0000_R01,True,Topology_Bipartite,0,6562.0,1640.5,1243.5,1251.9436888294938,3390.0,685.0,4.0,13600.0,1511.111111111111,1532.0,882.5588428604129,3390.0,564.0,5,4.0,2,4.0,1
TOPO_BI_0001_L00,True,Topology_Bipartite,0,3318.0,1106.0,1164.0,561.2521714880041,1636.0,518.0,3.0,9691.0,1384.4285714285713,1164.0,964.8500500324488,3427.0,518.0,4,3.0,3,3.0,1
TOPO_BI_0001_L01,True,Topology_Bipartite,0,4360.0,1453.3333333333333,1683.0,519.1149519454563,1818.0,859.0,3.0,12302.0,1757.4285714285713,1353.0,1431.4466874625891,4871.0,806.0,4,3.0,4,2.0,1
TOPO_BI_0001_L02,True,Topology_Bipartite,0,3521.0,1173.6666666666667,975.0,507.0802040440282,1750.0,796.0,3.0,10804.0,1080.4,855.0,545.0635436962067,2301.0,589.0,7,3.0,5,2.0,1
TOPO_BI_0001_R00,True,Topology_Bipartite,0,6738.0,1684.5,1019.0,1479.4056238908922,3891.0,809.0,4.0,9280.0,1546.6666666666667,1019.0,1194.4360454485065,3891.0,809.0,2,4.0,1,3.0,1
TOPO_BI_0001_R01,True,Topology_Bipartite,0,5543.0,1385.75,1112.0,774.199102298627,2513.0,806.0,4.0,8478.0,1211.142857142857,975.0,598.6697555334462,2513.0,796.0,3,4.0,2,4.0,1
TOPO_BI_0001_R02,True,Topology_Bipartite,0,5101.0,1275.25,1036.5,844.511841243212,2439.0,589.0,4.0,7369.0,1228.1666666666667,1036.5,764.867940671242,2439.0,518.0,2,4.0,2,3.0,1
TOPO_BI_0001_R03,True,Topology_Bipartite,0,3755.0,938.75,876.5,252.2516930897921,1295.0,707.0,4.0,7209.0,1201.5,1103.5,455.171506138071,1818.0,707.0,2,4.0,2,3.0,1
TOPO_BI_0002_L00,True,Topology_Bipartite,0,4785.0,1196.25,1252.5,633.5573507320918,1748.0,532.0,4.0,17043.0,1420.25,1185.0,950.2691604344146,4114.0,532.0,8,4.0,5,3.0,1
TOPO_BI_0002_L01,True,Topology_Bipartite,0,4825.0,1206.25,1210.0,479.8537103465319,1731.0,674.0,4.0,13389.0,1338.9,1366.0,707.2939747139562,2977.0,535.0,6,4.0,5,3.0,1
TOPO_BI_0002_L02,True,Topology_Bipartite,0,6354.0,1588.5,1610.5,202.2547898073121,1808.0,1325.0,4.0,18320.0,2035.5555555555557,1656.0,1501.0030905290562,5985.0,1114.0,5,4.0,4,2.0,1
TOPO_BI_0002_R00,True,Topology_Bipartite,0,5879.0,1175.8,1176.0,282.2254418014081,1480.0,744.0,5.0,7607.0,1267.8333333333333,1270.5,338.44019658821065,1728.0,744.0,1,5.0,1,4.0,1
TOPO_BI_0002_R01,True,Topology_Bipartite,0,6652.0,1330.4,1317.0,501.51301079832416,1788.0,535.0,5.0,11872.0,1319.111111111111,1325.0,446.774116429221,1788.0,535.0,4,5.0,2,4.0,1
TOPO_BI_0002_R02,True,Topology_Bipartite,0,9591.0,1918.2,1740.0,975.7162497365717,3584.0,1090.0,5.0,11076.0,1582.2857142857142,1367.0,989.223721626494,3584.0,532.0,2,5.0,2,4.0,1
TOPO_BI_0002_R03,True,Topology_Bipartite,0,6922.0,1384.4,1074.0,854.4151801085933,2784.0,681.0,5.0,14453.0,1445.3,1521.5,640.359629860874,2784.0,681.0,5,5.0,3,3.0,1
TOPO_BI_0003_L00,True,Topology_Bipartite,0,5187.0,1296.75,1232.5,464.91746579366105,1893.0,829.0,4.0,15595.0,1732.7777777777778,1414.0,1280.6505942076647,4998.0,829.0,5,4.0,4,3.0,1
TOPO_BI_0003_L01,True,Topology_Bipartite,0,4444.0,1111.0,1126.0,467.8596655693528,1663.0,529.0,4.0,14816.0,1346.909090909091,1046.0,1038.2671577725507,4218.0,529.0,7,4.0,4,3.0,1
TOPO_BI_0003_L02,True,Topology_Bipartite,0,5140.0,1285.0,1420.0,504.18382890899363,1724.0,576.0,4.0,17059.0,1550.8181818181818,1467.0,870.1955892995343,3732.0,576.0,7,4.0,4,3.0,1
TOPO_BI_0003_R00,True,Topology_Bipartite,0,8935.0,1787.0,1823.0,276.6649598340925,2063.0,1341.0,5.0,12606.0,1575.75,1583.0,371.7809454888341,2063.0,1051.0,3,5.0,2,4.0,1
TOPO_BI_0003_R01,True,Topology_Bipartite,0,5503.0,1100.6,951.0,407.9629885173409,1542.0,670.0,5.0,11161.0,1116.1,998.5,412.0656501092999,1663.0,576.0,5,5.0,3,3.0,1
TOPO_BI_0003_R02,True,Topology_Bipartite,0,6574.0,1314.8,1238.0,444.0210580591871,1975.0,784.0,5.0,10191.0,1455.857142857143,1467.0,438.0066318262882,1975.0,784.0,2,5.0,2,3.0,1
TOPO_BI_0003_R03,True,Topology_Bipartite,0,7508.0,1501.6,1011.0,1391.911024455227,3926.0,548.0,5.0,9333.0,1333.2857142857142,1011.0,1193.0059673342953,3926.0,529.0,2,5.0,2,3.0,1
TOPO_STK_0000_N00,True,Topology_Stack,0,4943.0,4943.0,4943.0,0.0,4943.0,4943.0,1.0,10051.0,5025.5,5025.5,116.67261889578035,5108.0,4943.0,1,1.0,1,1.0,1
TOPO_STK_0000_N01,True,Topology_Stack,0,4886.0,4886.0,4886.0,0.0,4886.0,4886.0,1.0,9829.0,4914.5,4914.5,40.30508652763321,4943.0,4886.0,1,1.0,1,1.0,1
TOPO_STK_0000_N02,True,Topology_Stack,0,4623.0,4623.0,4623.0,0.0,4623.0,4623.0,1.0,9509.0,4754.5,4754.5,185.969083452062,4886.0,4623.0,1,1.0,1,1.0,1
TOPO_STK_0000_N03,True,Topology_Stack,0,4333.0,4333.0,4333.0,0.0,4333.0,4333.0,1.0,8956.0,4478.0,4478.0,205.0609665440988,4623.0,4333.0,1,1.0,1,1.0,1
TOPO_STK_0000_N04,True,Topology_Stack,0,4163.0,4163.0,4163.0,0.0,4163.0,4163.0,1.0,8496.0,4248.0,4248.0,120.20815280171308,4333.0,4163.0,1,1.0,1,1.0,1
TOPO_STK_0000_N05,True,Topology_Stack,0,4163.0,4163.0,4163.0,0.0,4163.0,4163.0,1.0,8326.0,4163.0,4163.0,0.0,4163.0,4163.0,1,1.0,1,1.0,1
TOPO_STK_0001_N00,True,Topology_Stack,0,8845.0,8845.0,8845.0,0.0,8845.0,8845.0,1.0,18199.0,9099.5,9099.5,359.9173516239527,9354.0,8845.0,1,1.0,1,1.0,1
TOPO_STK_0001_N01,True,Topology_Stack,0,8346.0,8346.0,8346.0,0.0,8346.0,8346.0,1.0,17191.0,8595.5,8595.5,352.8462838120872,8845.0,8346.0,1,1.0,1,1.0,1
TOPO_STK_0001_N02,True,Topology_Stack,0,7915.0,7915.0,7915.0,0.0,7915.0,7915.0,1.0,16261.0,8130.5,8130.5,304.763022691402,8346.0,7915.0,1,1.0,1,1.0,1
TOPO_STK_0001_N03,True,Topology_Stack,0,7569.0,7569.0,7569.0,0.0,7569.0,7569.0,1.0,15484.0,7742.0,7742.0,244.65894629054543,7915.0,7569.0,1,1.0,1,1.0,1
TOPO_STK_0001_N04,True,Topology_Stack,0,7259.0,7259.0,7259.0,0.0,7259.0,7259.0,1.0,14828.0,7414.0,7414.0,219.20310216782974,7569.0,7259.0,1,1.0,1,1.0,1
TOPO_STK_0001_N05,True,Topology_Stack,0,7259.0,7259.0,7259.0,0.0,7259.0,7259.0,1.0,14518.0,7259.0,7259.0,0.0,7259.0,7259.0,1,1.0,1,1.0,1
TOPO_STK_0002_N00,True,Topology_Stack,0,10981.0,10981.0,10981.0,0.0,10981.0,10981.0,1.0,22630.0,11315.0,11315.0,472.34732983261375,11649.0,10981.0,1,1.0,1,1.0,1
TOPO_STK_0002_N01,True,Topology_Stack,0,10691.0,10691.0,10691.0,0.0,10691.0,10691.0,1.0,21672.0,10836.0,10836.0,205.0609665440988,10981.0,10691.0,1,1.0,1,1.0,1
TOPO_STK_0002_N02,True,Topology_Stack,0,10134.0,10134.0,10134.0,0.0,10134.0,10134.0,1.0,20825.0,10412.5,10412.5,393.85847712090697,10691.0,10134.0,1,1.0,1,1.0,1
TOPO_STK_0002_N03,True,Topology_Stack,0,9534.0,9534.0,9534.0,0.0,9534.0,9534.0,1.0,19668.0,9834.0,9834.0,424.26406871192853,10134.0,9534.0,1,1.0,1,1.0,1
TOPO_STK_0002_N04,True,Topology_Stack,0,9534.0,9534.0,9534.0,0.0,9534.0,9534.0,1.0,19068.0,9534.0,9534.0,0.0,9534.0,9534.0,1,1.0,1,1.0,1
TOPO_STK_0003_N00,True,Topology_Stack,0,4981.0,4981.0,4981.0,0.0,4981.0,4981.0,1.0,10093.0,5046.5,5046.5,92.63098833543772,5112.0,4981.0,1,1.0,1,1.0,1
TOPO_STK_0003_N01,True,Topology_Stack,0,4631.0,4631.0,4631.0,0.0,4631.0,4631.0,1.0,9612.0,4806.0,4806.0,247.48737341529164,4981.0,4631.0,1,1.0,1,1.0,1
TOPO_STK_0003_N02,True,Topology_Stack,0,4423.0,4423.0,4423.0,0.0,4423.0,4423.0,1.0,9054.0,4527.0,4527.0,147.07821048680188,4631.0,4423.0,1,1.0,1,1.0,1
TOPO_STK_0003_N03,True,Topology_Stack,0,4290.0,4290.0,4290.0,0.0,4290.0,4290.0,1.0,8713.0,4356.5,4356.5,94.04520189781083,4423.0,4290.0,1,1.0,1,1.0,1
TOPO_STK_0003_N04,True,Topology_Stack,0,3979.0,3979.0,3979.0,0.0,3979.0,3979.0,1.0,8269.0,4134.5,4134.5,219.9102089490163,4290.0,3979.0,1,1.0,1,1.0,1
TOPO_STK_0003_N05,True,Topology_Stack,0,3880.0,3880.0,3880.0,0.0,3880.0,3880.0,1.0,7859.0,3929.5,3929.5,70.0035713374682,3979.0,3880.0,1,1.0,1,1.0,1
TOPO_STK_0003_N06,True,Topology_Stack,0,3880.0,3880.0,3880.0,0.0,3880.0,3880.0,1.0,7760.0,3880.0,3880.0,0.0,3880.0,3880.0,1,1.0,1,1.0,1
TOPO_STK_0004_N00,True,Topology_Stack,0,6232.0,6232.0,6232.0,0.0,6232.0,6232.0,1.0,12806.0,6403.0,6403.0,241.83051916579925,6574.0,6232.0,1,1.0,1,1.0,1
TOPO_STK_0004_N01,True,Topology_Stack,0,6011.0,6011.0,6011.0,0.0,6011.0,6011.0,1.0,12243.0,6121.5,6121.5,156.27059864222701,6232.0,6011.0,1,1.0,1,1.0,1
TOPO_STK_0004_N02,True,Topology_Stack,0,5641.0,5641.0,5641.0,0.0,5641.0,5641.0,1.0,11652.0,5826.0,5826.0,261.6295090390226,6011.0,5641.0,1,1.0,1,1.0,1
TOPO_STK_0004_N03,True,Topology_Stack,0,5499.0,5499.0,5499.0,0.0,5499.0,5499.0,1.0,11140.0,5570.0,5570.0,100.40916292848975,5641.0,5499.0,1,1.0,1,1.0,1
TOPO_STK_0004_N04,True,Topology_Stack,0,5398.0,5398.0,5398.0,0.0,5398.0,5398.0,1.0,10897.0,5448.5,5448.5,71.4177848998413,5499.0,5398.0,1,1.0,1,1.0,1
TOPO_STK_0004_N05,True,Topology_Stack,0,5005.0,5005.0,5005.0,0.0,5005.0,5005.0,1.0,10403.0,5201.5,5201.5,277.8929650063132,5398.0,5005.0,1,1.0,1,1.0,1
TOPO_STK_0004_N06,True,Topology_Stack,0,5005.0,5005.0,5005.0,0.0,5005.0,5005.0,1.0,10010.0,5005.0,5005.0,0.0,5005.0,5005.0,1,1.0,1,1.0,1
